sample_index,split,fdm_rel_l2,fdm_rel_linf
0,train,0.0010719381313788285,0.001370259158128842
1,test,0.0009900001118352396,0.0009940252035973557
2,train,0.0010344559905885729,0.0010059099992580874
3,train,0.0006277711520073658,0.0007466747305722878
4,test,0.0009177089896128299,0.0011241243713226061
5,train,0.0011356223397617135,0.0016225898173957989
6,train,0.0007927223027034822,0.0011417513461556932
7,train,0.0005683120009008853,0.0006534585897048624
8,train,0.0010588378198450833,0.0013832494407311287
9,train,0.0007933055309413952,0.0007487360764446506
10,train,0.0007516916786536173,0.0009039402165324189
11,train,0.002390170066117136,0.001966221851578388
12,train,0.000509693089196033,0.0005240386678879648
13,train,0.0010253933852073572,0.001036277676964196
14,train,0.0019065507775682786,0.0017993729516314412
15,train,0.0009763973342296476,0.0009788423066744135
16,train,0.0011812492582076186,0.0015638144412829758
17,train,0.0041734818434225,0.004470719414566542
18,train,0.0006896713318161203,0.0006473386797559177
19,test,0.0010524755058724591,0.0011666697967443738
20,train,0.0003815804136251544,0.0003994977087520587
21,test,0.000998646218568605,0.0014684738555303578
22,test,0.00047448094249413894,0.0006742039750875242
23,test,0.00039841853397542556,0.0005248134017115183
24,train,0.0002914912592154104,0.0004721074379158025
25,test,0.0005918678657361659,0.0009295909542591656
26,test,0.0013037726361483897,0.0012569770221692242
27,test,0.0001546145606877346,0.00019869117320443045
28,train,0.0023367488284228534,0.0034027079340417632
29,test,0.0012747041842417258,0.0017366053397411274
30,train,0.00034774932160434424,0.0005239439451386009
31,test,0.0012544791175690166,0.00155939812729445
32,train,0.0011043439078497563,0.001558536766972036
33,train,0.0001391485076347083,0.00020033923138547207
34,train,0.0005160342755300665,0.0006055796635015175
35,train,0.0011804716754279646,0.0011124377202199
36,test,0.000238987695416429,0.0004714253592518599
37,train,0.0009198233261125446,0.0009967798368201945
38,train,0.0006414559628182007,0.0008081162578373071
39,train,0.001117763037945097,0.001027005453935493
40,test,0.0007665411330617503,0.0008398702053908252
41,test,0.0009466293727941037,0.0013369573205469006
42,train,0.002855168383443443,0.002282413154317584
43,train,0.0005788584776103696,0.0006078797202586409
44,train,0.0008166361764794151,0.0012138500683532116
45,train,0.0005454070160135012,0.0007893726840181391
46,test,0.0012433408430740894,0.0015262019856342782
47,train,0.0006356041992280363,0.0007162099661047115
48,train,0.0005914533871804504,0.0007035329814590671
49,train,0.0005622671338203249,0.0010216762617497681
50,train,0.0008571576978687877,0.0008108181524001639
51,train,0.00025263031347637707,0.00041135568657700176
52,train,0.0006333020018740966,0.000753931938520042
53,train,0.0006523924341103912,0.0006211216184966533
54,test,0.00045525812084468495,0.0008134626570111052
55,train,0.0010991519749131687,0.001141108584869828
56,train,0.0009155552064377347,0.0009206550817104827
57,train,0.000865647397430469,0.0011046304473984246
58,train,0.001096533335589378,0.0012450616381497466
59,train,0.0004529505293178412,0.0004215453852298272
60,train,0.00025731644880842917,0.0003074268705305357
61,train,0.0014137058173439923,0.0016925684293917162
62,train,0.0004039737448391599,0.000681840649956057
63,train,0.00020491433387919303,0.0003538806024433875
64,train,0.0005442233364730356,0.0005878880888796096
65,train,0.0007932417807446601,0.0007108670758619341
66,train,0.0007889723990394741,0.00087930249062605
67,train,0.00030689171339807743,0.0003962627171986252
68,train,0.0009708323162403936,0.001084775321172993
69,train,0.0004873273150639366,0.0006205833507908904
70,train,0.00044844656039689124,0.00045547872036350403
71,train,0.0017834181508557668,0.002131347552613059
72,train,0.0008519443896916826,0.0008870902869385068
73,train,0.00030828110634095713,0.0005083607096148901
74,train,0.003509305288423871,0.0031709770448639716
75,train,0.0015798085779843126,0.0019234115256838262
76,train,0.001128936151241665,0.0011079686159863559
77,train,0.00047862187978099527,0.0005689088556567134
78,train,0.0014633139887994353,0.0019237226284478772
79,test,0.0008574012078770882,0.0009124895227264004
80,test,0.0017664363738858152,0.002275680808678154
81,train,0.00041637526643892824,0.0005710014797011862
82,train,0.0007788517339770749,0.001007628060028599
83,train,0.0018822347818611906,0.002280975938306631
84,train,0.0006958858832194711,0.0008800547365584497
85,train,0.0008366916104619759,0.0009906284211613655
86,train,0.0012195418153835625,0.001663897110130057
87,train,0.00042973117007555985,0.0006278503090369333
88,test,0.001000109815894892,0.0011297003091432008
89,train,0.0004610360034696035,0.0006478902840000674
90,train,0.00041620652823137836,0.0005897576706039969
91,train,0.0008088575884347004,0.0012246177403606691
92,train,0.0005043156661613342,0.0005352873008035505
93,train,0.0008248235996000884,0.0008119043671454025
94,test,0.0013332447383534963,0.0014762498379865903
95,train,0.00016753647349099324,0.0003165809329282632
96,test,0.0015424925072089904,0.0019586993666503008
97,train,0.0009973307273965404,0.0012194135709858672
98,train,0.0006828548335382281,0.0008338644787141242
99,train,0.00033049554509913286,0.0005404560891395502
100,train,0.0011991126148225384,0.0013085478346997912
101,train,0.0007694147013919767,0.0008186328642507681
102,train,0.00026012254970461863,0.000367174996231532
103,train,0.0011330372932131505,0.0012473890112743677
104,train,0.0008231139048049382,0.0010288097344648194
105,train,0.0009870881852687904,0.001574853404747413
106,test,0.0006716274166713727,0.0007564732797476974
107,train,0.0008163778435559011,0.0009630373245547378
108,train,0.0010514831356845105,0.001097580570005533
109,train,0.0006508473283657991,0.0008213204386201076
110,train,0.0005811751529103563,0.0006291870425217854
111,test,0.001882385134663736,0.0022405319846125725
112,train,0.0015660754404701206,0.0015201062028811713
113,train,0.00020549951598396556,0.0002772305489992846
114,test,0.0003767781021125164,0.0005963433444680267
115,train,0.0016035905279143678,0.0019038091140923686
116,train,0.0008768901425399981,0.0009046644703052577
117,train,0.0004960326097010787,0.0006592657954288469
118,train,0.0009811410743538666,0.0009128674420194306
119,train,0.0007777325428771331,0.0011800712398787909
120,train,0.000247320593742015,0.0004533789870749771
121,test,0.0005925998429651219,0.0005797299652312143
122,test,0.0014562442137697755,0.0016172343968991751
123,test,0.0011788487112040504,0.0014960153212204659
124,train,0.00047417137688345404,0.0006939690844423562
125,train,0.0008857654115223975,0.0014056194147666384
126,train,0.0008113403119767535,0.0011117499213235498
127,train,0.0015338349327553694,0.00155722276182878
128,train,0.0008018775472847328,0.0011340915541953858
129,test,0.0004804214734156203,0.0007352947569859078
130,train,0.0010741659537304303,0.0010987637531366386
131,test,0.0003665377621455292,0.00038959922907594915
132,train,0.0008372910195764499,0.0011016102493193874
133,train,0.001016862445544233,0.0015417266444190155
134,train,0.0004767158986785935,0.00048613206486014765
135,train,0.0008214750472104814,0.0012266440867027895
136,train,0.0021114656721008132,0.0021637193168742353
137,train,0.0003437631688249172,0.0006108089827689515
138,test,0.0013744193133692288,0.0016069994965641542
139,test,0.00020133104849663148,0.0002993666121025911
140,train,0.00037881118996365917,0.0006368471033915373
141,train,0.0009894747138015293,0.0010356360425157665
142,train,0.0007292066891958464,0.0010678002593043183
143,train,0.0003198576977868593,0.0005204321506447978
144,train,0.0007716395585117059,0.0012370341083108854
145,train,0.000606914522238104,0.0008516091172572203
146,train,0.0006480953692769115,0.0010479651271999167
147,test,0.0002769664444676944,0.00039089427534035634
148,train,0.0007889854155938004,0.0008745576755714093
149,train,0.0023863383599079125,0.0020458175030571442
150,train,0.0015629305734893148,0.0017403205980250545
151,train,0.000605464893908034,0.0008459520162431698
152,train,0.0005354377465939924,0.0008149941983646544
153,train,0.0013267423768479679,0.0013419401281700456
154,test,0.0009345132114347089,0.001622185269195661
155,test,0.0014409236236929022,0.001305572527529371
156,train,0.0005250279122592915,0.0008769882910511126
157,test,0.0011042158120291743,0.0015470794339367594
158,train,0.0008322817700975937,0.0009519973575615453
159,train,0.001850598184827083,0.0015604088543821676
160,train,0.0013185830552240314,0.0011874362216041372
161,train,0.0005545523366952887,0.0007218615531146725
162,train,0.00032540190176979676,0.0005337528737366709
163,train,0.001006859551726537,0.0010081116984292952
164,train,0.0019639390222142413,0.0019902610494420317
165,train,0.0008507741218603956,0.00129536022168808
166,train,0.0012448633963102586,0.0014206812892509624
167,train,0.00037584590340295285,0.0005511796616045539
168,test,0.0007342817472750478,0.0008309580121435866
169,train,0.0004949513454941572,0.000480010984672003
170,train,0.0011422846532792579,0.0017586839356833958
171,train,0.001306972230000749,0.0014200980407407322
172,train,0.0006170459535545444,0.0010331898079015687
173,train,0.0011107480497357127,0.0011639069394251205
174,train,0.0010072624433386415,0.0011939114422953622
175,train,0.001608280825906598,0.0018386429355951358
176,train,0.0006164849080580883,0.0005493430360641102
177,train,0.0006971743786679676,0.0008271753941647798
178,train,0.0021641810811484706,0.0019687945916258324
179,train,0.0003908750377306179,0.0005104570916261528
180,train,0.0004013437410613259,0.000610777670164008
181,train,0.0013751631239507175,0.0018043164319222495
182,train,0.003228709689840361,0.002812688311034998
183,test,0.0014010081051071814,0.001213441194531602
184,train,0.0008571158677029622,0.0008651609847999529
185,train,0.002025540228623699,0.0019855980040782797
186,train,0.0007785142895847672,0.0007881644722892108
187,test,0.0011330468425951937,0.001374734785283206
188,train,0.001741324931420494,0.002389979898039948
189,train,0.0007082448286117208,0.0009917579948168244
190,test,0.00024345428566495015,0.0003645862788693655
191,train,0.000801355283215962,0.0012558487259977718
192,test,0.0003762280477068133,0.00051598545904844
193,test,0.0011888308263651216,0.0013964602799066263
194,test,0.0013623125572727582,0.0014083503220646255
195,train,0.0005813145077817442,0.000658712443531102
196,train,0.0009549829730787753,0.0008375326025073437
197,train,0.0003559318109256185,0.00047873179276422285
198,train,0.000361823861041456,0.0005096552734529188
199,train,0.00037213492117236754,0.0003835281307339028
200,train,0.0007153028358812624,0.0008592616452196093
201,train,0.0008402473085943813,0.0008702994175685814
202,test,0.0009953290831003312,0.001019042613704731
203,train,0.0006860677070752313,0.000813522346736216
204,test,0.00029732686617139946,0.0003614290085781918
205,train,0.00024487424128523855,0.00029474168700169636
206,train,0.0007029036902388448,0.0006389335688632531
207,train,0.0009635115741763666,0.0014711289471784443
208,train,0.00044115719958464386,0.0005575049193407617
209,train,0.0006834615761448377,0.0008282730542539847
210,train,0.0011226369163696566,0.001494286988646496
211,test,0.00017329322981693752,0.00029657206716283843
212,test,0.0002901674138009032,0.0004454431172422342
213,test,0.00018492839451823145,0.000328219943546312
214,test,0.002153493112025996,0.0020887597876946937
215,train,0.0004784041700843073,0.000514980191531913
216,train,0.0012537509660285834,0.0014821140091354414
217,train,0.0008055012001447733,0.0008917172917948578
218,train,0.0009245789855733943,0.0012692466796705856
219,train,0.0025659028683375088,0.0025076267199210635
220,train,0.0008942301872760054,0.0009196539605190897
221,train,0.0005062469837600341,0.0007085022850506641
222,train,0.0006622465559163378,0.0007947447075959639
223,test,0.0011391447488208995,0.0012179069727784931
224,train,0.0003161005369742668,0.0003390863219870837
225,train,0.0021030357410668447,0.0019020677381258726
226,train,0.002652222695476557,0.0027374629013998137
227,train,0.0006926711228990548,0.0010097959640276005
228,train,0.0005465114048010942,0.0009311117180869527
229,train,0.0003668382715616151,0.00036409032999021643
230,train,0.005117428270189231,0.004011627686918806
231,train,0.0005635788223512157,0.0005748333797222332
232,test,0.0005338894443524989,0.000861744283544681
233,test,0.0005079891333984523,0.0006285276022484072
234,test,0.0002478355365722547,0.0003756861837236803
235,train,0.004892180961405725,0.0046868822613485885
236,train,0.0015556018230257717,0.0017919710210772737
237,train,0.00037689877700542536,0.0004369969976041107
238,train,0.0007919311090396159,0.0008413479905638284
239,train,0.0026761684777648186,0.0024711690132039068
240,train,0.0004257988897616618,0.0005784698529190844
241,train,0.0006225998833766759,0.0008427677560684293
242,train,0.00027462916439413814,0.00040266743609350603
243,test,0.0003600615834407367,0.0004756913229904359
244,train,0.0002932902813144985,0.0004939179996770538
245,test,0.002398891032877404,0.0030988611343863532
246,train,0.0031184783267831488,0.003055792160148525
247,train,0.0012400886275802786,0.0016349330764228085
248,train,0.0003412534927501226,0.00035867410850275215
249,test,0.001072089317644012,0.0011141554742522468
250,train,0.0006667281132116911,0.0007065190069828277
251,train,0.00024522766699187887,0.000300112704699254
252,test,0.0006409366361263401,0.0006163700401526497
253,train,0.0003587675071712019,0.0005214230515474978
254,train,0.00035148692948539894,0.00060930719708957
255,train,0.0009809563484116132,0.0010562204700948932
256,train,0.0003620496631062345,0.00048643791126353896
257,train,0.0006759619604172274,0.0007787747982176433
258,train,0.000306629782635497,0.00036318007196866524
259,train,0.00046830397927194033,0.0004083520461597797
260,test,0.0011258665766212318,0.0018999131251236409
261,train,0.0005532669536263944,0.0007862623706532012
262,train,0.002061989172587769,0.0023485670940454136
263,train,0.00046549107994612606,0.00044793202450224535
264,train,0.0004914294339275429,0.0007688905533566176
265,test,0.0003396257770333066,0.0003754718445739591
266,train,0.0006333747873311262,0.001029607686519021
267,train,0.0005003130752072888,0.0007467060236801057
268,test,0.0022660567827549887,0.002242675367635936
269,test,0.0007435730095144052,0.0007902543736282799
270,train,0.0009239547158483034,0.0009406304091434906
271,train,0.0005608909140031969,0.000615818559849738
272,train,0.0005940738611224789,0.0006652896260676162
273,train,0.0011709060214995148,0.001389283331846518
274,test,0.00032861155773670575,0.0005547596806498934
275,test,0.0008197953185047907,0.0010903239745250937
276,test,0.0010893620171895926,0.001013097737840369
277,train,0.0007175954198265982,0.0008722749259483808
278,train,0.00042251729176563966,0.000674954395809705
279,train,0.0011606835138573742,0.0013339373724249603
280,train,0.0009232815512231438,0.0011359799975344733
281,test,0.0013516562452085981,0.0019677735568415147
282,train,0.001563210255777353,0.0015103910129858878
283,train,0.0006873851432826828,0.0008517165333003667
284,test,0.000447731631960771,0.0005997340376046084
285,test,0.0006923158960838759,0.0008517165211568027
286,train,0.0006920710451033465,0.0008966903932096248
287,train,0.0009012510516563883,0.0010755923269675596
288,train,0.0007704643546125341,0.0009748774783088525
289,test,0.0024538857193823387,0.002346919456364316
290,train,0.0004038804308420474,0.0004896312984870524
291,train,0.000622306887872159,0.0010195255874967776
292,train,0.0009505243706466457,0.0009853654151115035
293,test,0.0006294119002356,0.0008436209048810251
294,train,0.0018107431352784196,0.002146892528945342
295,test,0.001320136807384936,0.0016128604733063147
296,train,0.0016259735486476177,0.0016300328491260418
297,train,0.0014958665441465204,0.001961418992312994
298,test,0.000955138111745549,0.0010612577593580455
299,train,0.0012568025063022213,0.0014364596544102044
300,train,0.0010175388086633322,0.0008948220801442278
301,train,0.0004653529825219199,0.00039177187494513274
302,train,0.0003804944348982194,0.0006005067603022544
303,train,0.0006075497848086695,0.0006182554992140789
304,train,0.0005746067734040789,0.0006663954440569492
305,test,0.0006975207376748878,0.0009055497482821922
306,train,0.0004057901779814004,0.0004926768963802545
307,test,0.003306359581539651,0.0038801945618933205
308,train,0.002214442681590744,0.0025290031443735476
309,train,0.0003658217103651794,0.0005660772270363046
310,test,0.0006457599137598245,0.0009467408775697913
311,train,0.0009631997212445131,0.0011152792832048594
312,train,0.0005059385518220903,0.0006632113519735407
313,train,0.00024018210063607903,0.00037467306335145235
314,train,0.0007419734487471022,0.0009092614354370822
315,train,0.002771600031569514,0.0033855547726572423
316,train,0.0004743528983104398,0.0006146916504415078
317,train,0.000500312934938944,0.0005962723151771367
318,train,0.001003200814391706,0.0011406422508161433
319,test,0.0018544551685545532,0.002026139245950725
320,train,0.0008317055908771535,0.0008171166776993974
321,test,0.0013450602869380622,0.0017560509340881522
322,test,0.000501981333714186,0.0005005236624944511
323,train,0.003528024563856313,0.0031415586415635514
324,train,0.0012522863032849597,0.0010820963230759556
325,train,0.001083296022283884,0.001117618758847003
326,train,0.0014089318058737297,0.0013344097233618597
327,test,0.001039241446362423,0.0009712034693357866
328,train,0.0006238035772219198,0.0008273855692249194
329,train,0.0009449245654428582,0.001219839234667171
330,train,0.0013546593330483869,0.0011511999717556459
331,train,0.00031421061210028326,0.00041291528985818463
332,train,0.00020648529436704773,0.00031648268410934473
333,train,0.0012648989677679794,0.001339281510879699
334,test,0.0009428778580548655,0.0009881335506143555
335,train,0.0007481845266832989,0.0011630323746178893
336,test,0.00038343494422645526,0.0005612097854922416
337,train,0.0013184806521869125,0.0017704167757549567
338,train,0.0010463262227576417,0.0012722531188365653
339,train,0.0010609609467259458,0.0012086167624479527
340,train,0.0008987770006625063,0.0014844074954580265
341,train,0.0019625310042441276,0.0021655746988205105
342,test,0.000876511324499684,0.0009168341160578558
343,train,0.0008917640447540821,0.0011450767189277685
344,train,0.002839692504006801,0.0038381059475900217
345,train,0.0024183314442854107,0.002721099487304264
346,test,0.00270533159604044,0.002741376132119092
347,train,0.0010264375314891852,0.0009571775249531214
348,test,0.001195147038580348,0.0011592755949419787
349,train,0.00038035216323003944,0.0004976273478876671
350,train,0.0005738064514422384,0.0006043002937289813
351,train,0.0004996657516863571,0.0007373212306102228
352,train,0.0009683722586722353,0.0012130402954778
353,train,0.000596035695772882,0.0006983140778502842
354,train,0.0008300183526231,0.0015225662705267528
355,train,0.0015235370419249689,0.0016768016238209022
356,train,0.0013267257755882765,0.0014094782012676697
357,train,0.00020810972500635746,0.00038780673348533213
358,train,0.0004971267722499767,0.0006225731848531082
359,train,0.0007735274779785576,0.0007536527775681218
360,train,0.001397541515508432,0.001459959444747782
361,train,0.0008676563083490314,0.0013132801592178889
362,train,0.0007535052514610067,0.0008098802323908942
363,train,0.0012718837980294033,0.0014892968167740863
364,train,0.0009213066956354686,0.0009844894901401013
365,train,0.001007817588610142,0.0012080902688849497
366,train,0.000821239179802022,0.0011411592176689114
367,train,0.0005948372200794233,0.0007902383733153408
368,test,0.0018715310227990201,0.002345761127175133
369,test,0.001734908621906024,0.001918578477689521
370,test,0.0008195533608133427,0.0009550659956054711
371,train,0.0007173575514061376,0.0009530766058896241
372,train,0.0004134993631257211,0.0005691934930002917
373,train,0.00019954272751735493,0.000315364675201562
374,train,0.000892483111617757,0.0010608343206586943
375,train,0.0008239555605475364,0.0008386234411662302
376,train,0.0009590343062875902,0.0008671988377904065
377,train,0.0011341468477394409,0.001704175007878174
378,train,0.000613010173386532,0.0007820849760647946
379,train,0.0008631388052664254,0.0015640964634051917
380,train,0.0009244306370936481,0.001112035746669142
381,train,0.00039687048848459865,0.0005932586697166348
382,train,0.00039271191210012434,0.0005743556020568663
383,test,0.0014586804447965908,0.0013792406918083106
384,train,0.0012111209626462513,0.0012186620850821494
385,test,0.0007346474364609909,0.0007403444181978093
386,train,0.0014540456398492185,0.0017213536990176744
387,test,0.0012585858822151863,0.0010974507038417174
388,train,0.0008605438767396197,0.0011359313625206428
389,test,0.002513184527560322,0.003527388897674867
390,test,0.00045008364227866216,0.000497449418946366
391,train,0.0007159936310583069,0.0008860984501153397
392,train,0.0003750498085993225,0.0004410879115629005
393,train,0.00036627186181516306,0.0004799149471841238
394,train,0.0006019441993031898,0.0006515909273870529
395,test,0.00027789693340971467,0.00032096317582003964
396,train,0.00217249491629114,0.0025317577767851357
397,train,0.0013817500173653047,0.0012937654787334844
398,train,0.0001817234549005797,0.000282738489514428
399,train,0.0017036829084634256,0.001626062420688138
400,train,0.0010014248362128575,0.0016225703330353045
401,train,0.001443363422769492,0.0015897815543300766
402,train,0.0007937847742887909,0.0009180003915225995
403,train,0.0008214878590028791,0.0007750171696730069
404,test,0.000630304517364556,0.0007052865894549297
405,train,0.0007461567581033869,0.0010888229442146357
406,test,0.001030452405196133,0.001005415047318411
407,train,0.0012706325066370232,0.0011226788866098023
408,train,0.0005078524579081481,0.0006809992587298677
409,train,0.0023484971836657837,0.002595379483459034
410,train,0.0007784910743091908,0.000868468977595432
411,train,0.0013152744701493506,0.001334633819778837
412,train,0.001568096446485495,0.0016668384418882306
413,train,0.0007237703125024619,0.000826028594818064
414,train,0.0009435639630594721,0.00106121709559214
415,train,0.0007560325052393934,0.0010943796527205288
416,train,0.0008112563545575236,0.0010694732404167738
417,train,0.00021883670278319322,0.0002574490222119931
418,train,0.0006720767833885654,0.0008794716054402778
419,train,0.0005140689061016655,0.0006948152896454218
420,test,0.0006122589365834229,0.0008207655500767012
421,train,0.0006986504403545017,0.0008490050873390204
422,train,0.00030501356587753507,0.0003778251382841468
423,train,0.00034797308208570294,0.0004769911917833189
424,train,0.0009836849735104481,0.0011641528676242837
425,train,0.0007681038406301004,0.0006738073608550124
426,train,0.001241745728539163,0.0012879052640096913
427,train,0.0004613632270248956,0.0008568840083977259
428,train,0.0011067269284369217,0.0015773245755889035
429,test,0.0032400401933858603,0.0026135617477392467
430,train,0.0048776565448948464,0.005466310670892755
431,train,0.0010324843214358033,0.001066531081661838
432,train,0.0006324094430335492,0.0007708831561565727
433,train,0.0003500219152462476,0.0005656526284958668
434,train,0.0004646544652655624,0.0004906250440385088
435,train,0.0005337371424210404,0.0006751536956530142
436,train,0.0006413757910498059,0.0008833654332568609
437,train,0.0010008291714282932,0.0019081656326828686
438,train,0.002093972292769172,0.0029616704220738516
439,train,0.00027136145442498144,0.00023891438321435503
440,test,0.0006913039581117771,0.0008103784474039396
441,train,0.00148208017565427,0.0016884123503006685
442,test,0.00041297116654548296,0.000594660873136693
443,train,0.00031553349155701997,0.0005157746064454131
444,train,0.0017993619097798521,0.0019209582074360466
445,train,0.0015139747776784685,0.0015272368273773589
446,train,0.0012476752014243275,0.0012738101940296361
447,train,0.00018473261255767364,0.00028892535535822954
448,train,0.0003868365317769917,0.0005755057154288314
449,train,0.0006133999078535576,0.000561125859507444
450,train,0.0006718705507154308,0.0009185611922969269
451,train,0.0006917651170709924,0.000674110823793983
452,train,0.0014798043214603706,0.0010963253291075194
453,test,0.0008208843015105736,0.0014070345380517556
454,train,0.0006123808325351302,0.0008621319592618577
455,train,0.0049387775025394945,0.0039360686105603115
456,train,0.001722820288628048,0.002406831121596792
457,train,0.0011885299015570578,0.0013849979257336792
458,train,0.0008108147322411111,0.0008616720454196948
459,train,0.0013983791859961238,0.0016109558454150922
460,train,0.0008743865706903748,0.0008904142586974766
461,train,0.00026858924629340116,0.00027926146114388897
462,test,0.0003367009513034486,0.00043709547720467744
463,train,0.0006628709665244347,0.0008074489799539077
464,train,0.0007469116793938631,0.0011057474760066206
465,test,0.0009094103401891013,0.0012502586901468348
466,train,0.0007707112878321807,0.0009408736273916849
467,train,0.0006729954342010309,0.0008192461197593518
468,train,0.0004029518938868405,0.0006534379956711213
469,test,0.001528979278354374,0.0015663145754213168
470,train,0.0004382002549502336,0.0007209592128777359
471,train,0.0002808430551236644,0.0003870397921512863
472,train,0.00029985006717523613,0.0005512843403609114
473,test,0.00047426595079489407,0.00045962837525142776
474,train,0.0002884584089101359,0.0002853873118591632
475,train,0.0009039386412339978,0.0009068871404778432
476,test,0.00041077987448550176,0.000496340464363065
477,train,0.0011091235078319742,0.0010427828727364672
478,test,0.0011452464561168317,0.0012259374690640709
479,train,0.0026323505475637807,0.0022846672449990243
480,train,0.0008572560310761011,0.0011938376081291483
481,train,0.002271376218380628,0.0033221200396603636
482,train,0.00046826677121938117,0.0005854128892854939
483,test,0.0005853098168346207,0.000686947723716666
484,train,0.000986664036357724,0.0011603009422476622
485,train,0.000594191066801134,0.0009340594084494625
486,train,0.00188104763135153,0.0020338825957501977
487,train,0.0002616823867217057,0.00036041597822917686
488,train,0.0006512260001017881,0.0007941043470539619
489,train,0.002668719236555086,0.003252162002575169
490,train,0.0010594900209909524,0.0016503822766431098
491,train,0.00037020019826991725,0.0006137505900012594
492,train,0.0005164612691937648,0.0005010107090564319
493,test,0.0003111328145928892,0.0004986145284828662
494,train,0.0007989973103439953,0.0011776575450765262
495,train,0.00041364285963039354,0.000439346520969811
496,test,0.0003176826696696252,0.0004334956280614723
497,train,0.0007307442886110642,0.001045900491335847
498,test,0.0001667808942615099,0.00030590254333219384
499,train,0.0006111525615851862,0.0008134730855769169
500,train,0.0003255777514183886,0.000503474058792768
501,train,0.0010174277089657294,0.0013789164534267731
502,train,0.0014823547372847087,0.001327205593217756
503,train,0.0004911426648555609,0.000768092865854175
504,train,0.0024030473234454724,0.002619601402572364
505,train,0.0008139178361027859,0.0009161515653088036
506,train,0.0013517628865331874,0.0016338645753517156
507,train,0.003063910126638461,0.003631593987423978
508,test,0.0006046511483703364,0.0007585303058195336
509,train,0.0003455946662503639,0.0004745256891579892
510,test,0.0006740580206876132,0.0007106984504381608
511,train,0.000665576219400854,0.0006187159406821758
512,test,0.0007027050192622534,0.000780591043634328
513,train,0.0006039187241561642,0.0006080599754732534
514,train,0.0005990996216431806,0.0005663616457132998
515,train,0.001086731225619927,0.0013860094302284066
516,train,0.00108252345435496,0.001599394510238773
517,train,0.001117443206786072,0.0012195484087399414
518,train,0.00020130368369840503,0.0002877811142653069
519,train,0.00022822756087160606,0.00028232651279839626
520,train,0.0005682447703295304,0.0004895313527298571
521,train,0.00039722724931049363,0.0006124361643155628
522,train,0.0004883506264660526,0.0005078158474375626
523,train,0.0007307991724711809,0.001254814326988611
524,train,0.000609657874543158,0.0007517578522677925
525,train,0.0004187216278174222,0.0006006063084424119
526,train,0.0007726404655175728,0.0010960267758403563
527,train,0.0006273568773001156,0.0005484347994967766
528,train,0.00041887970709277917,0.0004550387672619277
529,train,0.0006009838187251945,0.0007911566298888897
530,test,0.000536955680767032,0.0008710065905732349
531,train,0.0006645491898321717,0.0006109164826874587
532,train,0.00031843172391504335,0.0003708326785251087
533,test,0.0005718848146048448,0.0005574955870905243
534,train,0.0013174838920823138,0.0018064402005851252
535,train,0.0006559245938141326,0.0007613665724633731
536,train,0.0007111282392047417,0.0009099242881201503
537,train,0.0004109898984572139,0.0007421191086483385
538,test,0.0016309929311398887,0.0023339925424436425
539,train,0.0025463383495489774,0.0029635217518590223
540,train,0.0015609250946394004,0.0018685770819359888
541,train,0.000797578501300829,0.0010641259049724134
542,train,0.00042216569031452983,0.0005458833867878381
543,train,0.00033624613667639324,0.00038203286919281834
544,train,0.002710213492937479,0.0024671055924656024
545,train,0.001106229696710651,0.0011504819656689026
546,test,0.0002981977736300587,0.0003677235909064839
547,train,0.0010555681468563164,0.0013342859393375268
548,train,0.0007218725078847919,0.0011204882709571157
549,test,0.0011026119610043931,0.0013860109915282187
550,train,0.0005140863719101536,0.0006724129644747693
551,train,0.000841578882429021,0.001075867404153403
552,test,0.00039884442156601645,0.00046893701234855
553,train,0.0008292241917242073,0.0011582304930638314
554,train,0.0003479835176869255,0.00048314702166650216
555,train,0.000964713320561791,0.000986618905651463
556,train,0.0013291745885929793,0.002016679376123469
557,train,0.0011265859126476172,0.0011147956083664026
558,train,0.0003377622327124323,0.0004570326034775944
559,train,0.0005956403490650805,0.000850215589430393
560,train,0.00014661470438372096,0.0002835465371583737
561,train,0.0007287577869770133,0.0011009484879184882
562,train,0.0006880199684700151,0.0010013716307379894
563,test,0.0004860589679214853,0.0006300984499778699
564,train,0.00030281162124806086,0.00041813107757367185
565,train,0.000702582936067184,0.0008341212443940005
566,train,0.0003962793846052871,0.0005148248761799555
567,train,0.0007558715880258733,0.0007934938924490226
568,train,0.00043577431352221274,0.0004628999619591061
569,train,0.00013606133190967817,0.00018375833451471154
570,train,0.0011744292964600822,0.001509334121470641
571,test,0.0005891199179830437,0.0007222383172763514
572,train,0.0013504008347624055,0.001341758488604572
573,train,0.0006083611039357025,0.0008276266162376467
574,train,0.0016004586672863765,0.0018516952372585158
575,train,0.0030479356509998854,0.0027638864722036127
576,train,0.0012546802257014163,0.001344885224601072
577,train,0.0013527620358223336,0.0017497974123828644
578,train,0.00031377950056394964,0.0003310563279855868
579,train,0.002591827378671104,0.0030450280337714426
580,train,0.0011997273354918145,0.0014112960243819641
581,train,0.0008151062205791032,0.0012643535400927702
582,train,0.000663514948576785,0.0009191609279128759
583,train,0.0007593202698040598,0.0008050839366865557
584,test,0.0009045118382339567,0.0008905599907947803
585,test,0.00041682543869975676,0.0004553445694949015
586,test,0.0014044426760610096,0.0014237001880836155
587,train,0.0005190288690048245,0.0006197305825843932
588,train,0.00037852424024745754,0.0005325411485219572
589,train,0.0018197095835711709,0.0017148023592573397
590,train,0.0010379523836883224,0.0014133539453106947
591,train,0.0010738110777260732,0.0013879283207356228
592,test,0.0006969425507922373,0.0008314621877703123
593,train,0.0005418015481493069,0.0006255319203436124
594,test,0.0010335660756009555,0.001300971571387757
595,train,0.0010037573539166975,0.0012607497363124602
596,train,0.00029090696583832323,0.00031312670566933123
597,train,0.0004091007557337593,0.0005465668120858887
598,train,0.0012126520627282293,0.0015333408926513801
599,test,0.00038509482015382105,0.0005552021984316745
600,train,0.00031184628175096355,0.00040904250237012985
601,train,0.0005989916833386554,0.0007756155864534307
602,train,0.0010253220404433448,0.0010937040997885
603,test,0.0006628155220426264,0.0009537711021170792
604,train,0.00032033811345136244,0.000554080801766701
605,test,0.00039691606800176766,0.0004922968582095556
606,test,0.0005192494769233189,0.0006171123634333086
607,train,0.0008576429592369989,0.0009776158909959574
608,train,0.00045187127448473075,0.0006524301182626081
609,test,0.0004319348314389597,0.0005619550890667803
610,train,0.0012747027234160599,0.0015851860101238023
611,train,0.0010960255040402803,0.0012137515422498276
612,test,0.0007681732638875583,0.0010316903509396947
613,train,0.0014258225974014573,0.001647594932059278
614,train,0.0002801381196902815,0.00042038185766089873
615,train,0.0004336294789254392,0.0004942664181582155
616,train,0.000757065736368453,0.0007198962665828223
617,train,0.0005554124674961752,0.0005774006567185398
618,test,0.0006613969918192169,0.0006908089083574307
619,train,0.0005093872815523623,0.000892307009148602
620,test,0.0022875839481517127,0.0032851239811485045
621,train,0.001465697674145105,0.0015502874812547264
622,test,0.0006754452192068832,0.0007371123389259095
623,train,0.0005736026969337211,0.0006137377577943938
624,train,0.0018172169955816002,0.0019619201537121483
625,train,0.001172225445723538,0.001009684467581228
626,train,0.000502846115014882,0.0005173534264343893
627,train,0.0002735300266116124,0.0003799223090261798
628,train,0.0005236581296824862,0.0008613847830345835
629,train,0.0009588376010266572,0.0012608298145106924
630,test,0.001998493722296073,0.001892352982363256
631,train,0.0004078298930315087,0.00043388602685227396
632,train,0.0009964071492374069,0.0014863246395869522
633,train,0.000525672772789014,0.0006596965336573111
634,train,0.0005156108819573374,0.0006121249119655074
635,train,0.0009261505245682993,0.001021422510697501
636,train,0.0006415998024686751,0.0011610694353687183
637,train,0.0024446002487611544,0.0028266817582606146
638,train,0.00039500805360562045,0.0003503323781905435
639,train,0.0011951840680268248,0.0018692914227860925
640,train,0.0013416111010181083,0.0016382586043716648
641,train,0.0004143115488190954,0.0005703220418360249
642,train,0.001162831327358233,0.0013975079304855364
643,train,0.001135550749642759,0.0013397284089110444
644,train,0.0003861441882536005,0.00048654921945175795
645,train,0.0004625043174266948,0.0004886019769244952
646,test,0.0013208612448339478,0.001870811544974246
647,test,0.0005365468906486063,0.0006340095250815315
648,train,0.0016985413474146672,0.001454075688247705
649,train,0.0008845583940398886,0.0010093944798888674
650,train,0.0006493966939334027,0.0009180425396350867
651,train,0.0010660960126387701,0.0010885462003143009
652,train,0.001648287394043041,0.0015409860784105884
653,test,0.0003257535544271014,0.0005044735610248218
654,train,0.0017591013940632672,0.0018973439143759496
655,train,0.0031205947481533513,0.0034102363322894903
656,train,0.0011715371155836185,0.001264704568867192
657,train,0.002288217427594539,0.0028768990085181845
658,train,0.00116025873791394,0.0009465246041322517
659,train,0.004829171060144783,0.004743301924039084
660,train,0.0010392634617761983,0.0013043440599144567
661,train,0.0016190424842971783,0.001426346616172727
662,train,0.0014874778903926963,0.0016809146614256993
663,train,0.0007589121757904984,0.000818909802613501
664,train,0.0010948106559704155,0.0011352656434938859
665,train,0.0011407562954085912,0.00130527391766767
666,train,0.0017895525330802436,0.0019386967494595749
667,train,0.0009530913931133983,0.0011543589182241598
668,train,0.001135718934865164,0.001673332882470185
669,train,0.0006034646943872103,0.0008642028151498783
670,train,0.00042755840120134816,0.0004523473961880745
671,train,0.0011629159471734712,0.0012093142097410446
672,test,0.002384396188939725,0.002284771326153341
673,test,0.0005236398915977909,0.0006294061699204802
674,train,0.00029345565868189063,0.0005789257150853698
675,train,0.0005725748063495292,0.0005728153148393282
676,train,0.0003152762518865565,0.0004506325678004213
677,train,0.0003288683906638356,0.0004367402539792631
678,train,0.00025578267267940277,0.00035107023842310356
679,train,0.002160472154343342,0.002622384698787838
680,train,0.00022523548455970517,0.00025954595589720766
681,train,0.0005676263132516234,0.000690549104080278
682,test,0.00038415968212757385,0.0004996489215236899
683,train,0.00107734136142054,0.0011530790760699197
684,train,0.0019911001151477897,0.002111516439527727
685,train,0.001055980700405465,0.0012324364325559138
686,train,0.0008024874033912333,0.0010449712379978619
687,train,0.0005375087058970828,0.0006577829143049472
688,train,0.0006694022987918856,0.0011848639206526353
689,train,0.0003799255552296965,0.0005063682187875764
690,train,0.0012052206045999644,0.0013457983559281325
691,train,0.0007193387301402069,0.0006999787392310182
692,test,0.00026052466958664935,0.00033568543997294085
693,train,0.0008285361604920951,0.0007686715717373437
694,train,0.0008166083493354029,0.0012459902227222898
695,train,0.001636047295236142,0.0013867960730736156
696,train,0.0014616549343269521,0.0018024907991562836
697,train,0.0004212455304194235,0.00047753973157432957
698,train,0.000614315467849478,0.0006479891372716828
699,train,0.0004967840090970646,0.0006627748849381214
700,test,0.00041567302646358667,0.000563548006186971
701,test,0.0004317176258852903,0.0006478014019954631
702,test,0.0007985233424792566,0.0015564664677922735
703,train,0.0007434755844339892,0.0006588190432187136
704,train,0.0004866732064943937,0.0006425973514000131
705,train,0.0014738828039241097,0.0019518670698789708
706,train,0.0006048249905443548,0.000767034869935652
707,train,0.0008664058567337451,0.0010948503469718335
708,train,0.0006292064385549751,0.0007004569955589795
709,train,0.0010436709567892008,0.0013256125111109844
710,train,0.0004285883593046301,0.0005362855743240924
711,test,0.00044628601851860375,0.000617211928006641
712,train,0.00046072566260018456,0.0008567126703106611
713,train,0.0008734517297475822,0.0012982649831640592
714,train,0.0016149482722685635,0.002178136606685261
715,train,0.0004181900330010964,0.0004935299183740868
716,train,0.0006884944524178904,0.0009285888523458296
717,train,0.002564733465223418,0.002424375098751781
718,test,0.0005819425606840943,0.0007464701312127702
719,train,0.0016425142230036304,0.0016438464027188403
720,train,0.0010761559536871647,0.0014272106532662193
721,train,0.0013158531812013906,0.001396495966540973
722,train,0.00440957725862323,0.0037686249468864303
723,train,0.0005705834263254789,0.0007955423045079381
724,test,0.0007187244900982648,0.0009386212149494917
725,train,0.00042050865326781066,0.0005049437593951068
726,train,0.0004158282594937899,0.0004669557204209504
727,train,0.0003187844328251944,0.0005055715516928848
728,train,0.0003254179499314117,0.0006025131528768708
729,train,0.00041408602827910137,0.0005141375778413356
730,train,0.0006874506161113148,0.0008982684271169255
731,test,0.0010815226625448054,0.001097525386739622
732,test,0.0006000401697667475,0.00106956998721296
733,train,0.0007620636456058023,0.0011277238181279933
734,train,0.0010469627454554634,0.0010482449840646833
735,test,0.0008368167948599172,0.00084170214003472
736,test,0.0006225150895254935,0.0008028785773469304
737,train,0.00017911887127756163,0.00023462926347156738
738,train,0.0002457300880079128,0.0002731524555020737
739,train,0.0006620097928451579,0.001108829798710812
740,train,0.002034848473570979,0.0017052634649740617
741,test,0.0006337087517839704,0.0009343819589686462
742,train,0.0011096281626846742,0.0013949429532197752
743,train,0.0011265630722109958,0.001336790355123207
744,train,0.0013394140376942574,0.0013733106979518512
745,test,0.00110106135300181,0.0015789120482010096
746,train,0.0017417339695916343,0.0017654917949801448
747,train,0.001227653541709262,0.001042578433035146
748,train,0.00047913727435512264,0.0005402215595675758
749,train,0.0016888742330037692,0.001642516787041368
750,train,0.0015721056656681724,0.0019139587668828449
751,train,0.000995643398468264,0.0011571075992101232
752,train,0.00033376160489779425,0.0005670237237205383
753,train,0.0007452891744511487,0.00075607232266221
754,train,0.0006118547664524156,0.0009161457097216453
755,test,0.0004346547503600351,0.0005213549246600235
756,test,0.0037836791722632365,0.00406241164878343
757,train,0.0029835598526906314,0.0026229846304767555
758,train,0.0012623413688045873,0.0015269805863988328
759,train,0.0014189589742835589,0.0018920690610789957
760,train,0.0009521501371645235,0.0010931575950251747
761,test,0.0002621185300278649,0.00031384278391144644
762,train,0.0011265017074910126,0.001663089584485399
763,train,0.0015676780772483027,0.0014449044432918254
764,train,0.0005736607260772821,0.0007672154455649089
765,train,0.00047679719294807586,0.0006198476105808634
766,test,0.0004243673564475293,0.0005537010711514351
767,train,0.00045759716651138933,0.00046431824840113784
768,test,0.000512836016856631,0.0005378712921001068
769,test,0.00044847919666847475,0.0005741983709256494
770,train,0.0004542316254814099,0.0007046828594382908
771,test,0.0004405874056908972,0.0004826017788899372
772,train,0.00046734971687251555,0.0005362831538098331
773,train,0.0005073458093278679,0.0006486091960966283
774,train,0.0008547034572496179,0.0009578843034903431
775,train,0.0022385625738502992,0.002478954944974916
776,test,0.00234762158896298,0.0033435434852794738
777,train,0.0008935604135487681,0.0011677370410062607
778,train,0.0003970269565826553,0.0004949657214515548
779,train,0.0031451297194026455,0.003847842996608526
780,train,0.0005683721995426045,0.0006061122899779798
781,train,0.0004702592703046036,0.0006796510513130137
782,train,0.0009362198124436763,0.0011169425702576114
783,train,0.0009888682025155694,0.001089161655735612
784,test,0.002747659152000073,0.0025427917849451783
785,train,0.000985869575780438,0.0013325361139033757
786,train,0.0006466671471164531,0.0005967257913297581
787,train,0.000856416727130982,0.0011625047591894168
788,train,0.0003581833607768275,0.00033176197756171893
789,test,0.0005611655194402134,0.0009438672637744477
790,train,0.0006094811859690154,0.0007599908880517543
791,train,0.001479970994971989,0.0018393332695298564
792,train,0.0009397545290793535,0.0011784858752124665
793,train,0.0008743850298886389,0.0009570695062463418
794,train,0.0002051670886814447,0.0002492756658455211
795,test,0.0010252661211510002,0.0012974167848894952
796,train,0.0008651541244505524,0.0007235212402954491
797,train,0.0006538880457367582,0.0006751874176012651
798,train,0.0008785389788291231,0.0013184151938455486
799,train,0.0003608801657516759,0.000598655061629265
800,train,0.0005949152000576024,0.001134439929361481
801,train,0.0002805275481815014,0.0004602837796753563
802,train,0.000355798685986203,0.0005087195097111768
803,train,0.004860924716120951,0.0047345844281832345
804,train,0.0007571212077043315,0.0010356398125461546
805,train,0.0003879444476422098,0.0004714624101028529
806,train,0.0002765166412810245,0.000487923328713669
807,train,0.0003102493984212569,0.0003017003824957085
808,train,0.0007982973666191967,0.0015384383954977232
809,train,0.0026843359271448773,0.003105948949906526
810,train,0.001429878245801827,0.001180530516232322
811,test,0.0005649767946898193,0.0009316672419265826
812,train,0.000464573316593457,0.0005959943539774631
813,test,0.00039490922473815076,0.0004423035332259653
814,train,0.00030173048050659583,0.00029056322722897904
815,train,0.00045342646737058683,0.0007538500594359853
816,train,0.0006620585279848158,0.001054064901667814
817,train,0.0016085557917573266,0.0020636427562067405
818,test,0.0009084160481440866,0.001120207319839984
819,train,0.0011754681137520547,0.0018748323582806889
820,train,0.000581072233487077,0.000687259745702343
821,train,0.0008639078466206232,0.000854319426881568
822,train,0.0013532582767985274,0.001703762070944362
823,train,0.00030559979704560826,0.000462869745834799
824,train,0.0004775640792429898,0.0008153861523350004
825,train,0.0009648907530477071,0.0015467073525576008
826,test,0.003759984974801676,0.004376443780721681
827,train,0.0008205481241988469,0.0010359771287463345
828,train,0.00024724548640104796,0.00028916574532877236
829,test,0.001531344002608208,0.0017177544898353823
830,train,0.0006717220799382041,0.0008815116496808142
831,train,0.0002163874048092375,0.0002622225363479246
832,train,0.0006756309162895515,0.0006050427457335642
833,test,0.00145779085776633,0.0018264059993371694
834,train,0.0031750703112588294,0.00355983117044318
835,train,0.000985394063836489,0.0011689452418681796
836,train,0.0007712304324864544,0.0010497532181414728
837,train,0.0005462789362202348,0.0006742765057658784
838,train,0.001010906652656276,0.0011482338341298525
839,train,0.0004967974701178514,0.0008095809422003557
840,test,0.000908208343470373,0.0013969484154972996
841,train,0.0004620610901475655,0.0005451859671983737
842,train,0.0010428623677816188,0.001256448564002436
843,test,0.0008678860214350088,0.0009326808647712051
844,train,0.0006834706824431269,0.0006233872506211399
845,train,0.0016102128194220502,0.0016483859183277574
846,train,0.0005574481212371521,0.0007231636474871485
847,test,0.0002844708662931627,0.0004190654614014931
848,train,0.0005028176929136125,0.0006788258990453668
849,train,0.0011771233989826887,0.001522594901268874
850,train,0.0011614314812673913,0.0015536274816685604
851,test,0.0010067679500868093,0.00144217269161197
852,train,0.0018328188056751312,0.0021640227766823988
853,train,0.0005082527255714452,0.000636202773646127
854,train,0.0007400717389254142,0.0006769471868814296
855,train,0.0009787973447781132,0.0014718017698971653
856,test,0.0019108035917773688,0.0021794415956095637
857,train,0.0011876341836469268,0.0014265231908082905
858,test,0.001066693496115295,0.0016833026369569692
859,test,0.0007044555608803699,0.0008705438282398443
860,train,0.0011289694051160538,0.0011998430029596645
861,train,0.0006004864345077716,0.0006391292879353534
862,train,0.0004117879299110577,0.00044179179024378683
863,train,0.00037297227556488797,0.0005764505143568076
864,train,0.0006934027605421626,0.0005492237630035657
865,train,0.0009340402665329196,0.001774538730528981
866,train,0.00023444298306838648,0.00030382981669776116
867,train,0.0015476819510726802,0.0012964148449162163
868,test,0.001095363755746371,0.0013814626139325079
869,test,0.0006380800032306196,0.0008875312530808963
870,train,0.0016613021583168634,0.0018129766030215801
871,train,0.0005723731207350578,0.0005758295793923534
872,train,0.000771340152855758,0.000843095291154066
873,train,0.00030668487225406086,0.0003591083602620103
874,train,0.0005947895113433437,0.000995850210884493
875,test,0.0008017837624308223,0.0010752130727788107
876,train,0.0005122849156336957,0.0007315395734609877
877,train,0.00028328737322446903,0.00035314177667677407
878,train,0.00032901848302094387,0.0006744211389381385
879,test,0.0012323394506767761,0.001086581441671245
880,train,0.0009607678717071872,0.0012992214237781661
881,train,0.0005224483474772817,0.0006442056502327884
882,train,0.00044241207848829355,0.0004663558711996197
883,train,0.000725004706758812,0.0007609006421878456
884,train,0.0006747128884119324,0.0005693188034657216
885,train,0.0008531308763059266,0.0010209593776880725
886,train,0.0012297171433905553,0.0015410270729237167
887,test,0.0004510202362218023,0.00044779650813588556
888,train,0.002136885730950909,0.0026377494561434516
889,train,0.0031804135511077263,0.003233777102085365
890,train,0.00021387135522564228,0.0002926545560026108
891,train,0.001980975664851122,0.00268247263427534
892,train,0.0036022935288749706,0.0038313500165509905
893,train,0.0008894601038969747,0.0008265155598803484
894,test,0.0008425690851365596,0.0007914243204616329
895,test,0.0003832931928487021,0.0005851793728329344
896,train,0.0013867389358839352,0.0013941877443630062
897,train,0.0005454595131429304,0.0007074487237458165
898,train,0.000574796881314854,0.00056001840182909
899,train,0.0006585481120433338,0.000874901826908683
900,train,0.0009949840663995503,0.0013870199326711263
901,test,0.000979987819032847,0.0011250554712949885
902,train,0.0007659148678484343,0.0008074248401418264
903,train,0.0011183198899236946,0.0013827286887172327
904,train,0.0009998764828635953,0.0011002727427267321
905,train,0.0025071745622915202,0.002902047891231269
906,train,0.0006579066183258878,0.0007529254686746955
907,test,0.00014251938282655276,0.0001998477567963154
908,test,0.0004988964953264167,0.0005061671861935475
909,train,0.0014236526592239925,0.0015150351102860436
910,train,0.0005213229316885125,0.0005747864901599997
911,train,0.001654398024487154,0.0019403291731433746
912,train,0.0015816617404425342,0.0016326782483959122
913,train,0.0005252644502897499,0.0007817406181843586
914,train,0.0003137749703065997,0.00038748170672975194
915,train,0.0027380285656976675,0.002384225035057358
916,train,0.001148867747180053,0.0014523740793264837
917,train,0.0003975629898312008,0.0003596295285359273
918,train,0.0009348020976154756,0.0010256080789375875
919,train,0.0016715461552182182,0.0016019848860439653
920,train,0.00027438693146964664,0.0003772444686363656
921,train,0.0011356474985115873,0.0014535140380429348
922,train,0.0006870149039832816,0.000760075121386925
923,test,0.0005216670876012174,0.0006179866846600546
924,train,0.0005818755078269259,0.0008151172900705019
925,train,0.0005553596405108803,0.0007969064054346555
926,train,0.0008296920536086644,0.0011294924407971797
927,train,0.0020371469379788856,0.002212356745683539
928,train,0.0008937935742154224,0.0014023979303576582
929,train,0.000858279949504376,0.0010098094339893516
930,train,0.0003797655251556026,0.0005826824279147297
931,test,0.0012071932563066106,0.0012451128509149462
932,train,0.0003363256216870046,0.0005805779854259604
933,train,0.0012756032795935078,0.001443874807730746
934,train,0.0025596894606670175,0.003650918095383279
935,train,0.0011931282625123813,0.001684963926541744
936,train,0.000661503901904833,0.0009676794941376894
937,train,0.0003080493438031593,0.0004249723052477356
938,train,0.0016276211834530701,0.0017980406010428098
939,train,0.001312385204893211,0.001972997432009486
940,train,0.0019030812749365174,0.0018747110010696303
941,train,0.0003424283151056701,0.0003670851364475814
942,train,0.0005509624980893675,0.0008377677799046843
943,train,0.0008310535058603958,0.0010379401080898316
944,train,0.00039043916104651886,0.0005920020953813042
945,train,0.0001993054941749439,0.00024146966360827569
946,train,0.0004800972022139792,0.0006628455203832693
947,train,0.0005559427322031728,0.0007839156907563968
948,train,0.0004021273601724559,0.0005746983063692563
949,train,0.001122166441280069,0.0011560596551422567
950,train,0.0011660956778894226,0.0012730812601377
951,test,0.00029575366535724245,0.0003109286244988066
952,train,0.00046442349641670787,0.0005678561369588239
953,train,0.0004189711126161887,0.0005210942573970296
954,train,0.0003984823151020063,0.000544083399182192
955,train,0.0004612315593708543,0.00043212999659818495
956,train,0.0014494238218422395,0.0017802008205635657
957,train,0.0025101847383566674,0.0026129463964462943
958,train,0.001778298703074747,0.0026631673562966538
959,test,0.0003416309592783941,0.00044681945199637457
960,test,0.0004633377005346045,0.0003665198094935007
961,train,0.00022987797116828622,0.0002821526656312279
962,train,0.001423684491353983,0.002440153615310194
963,train,0.0013238855863513868,0.001551021554158932
964,train,0.0002521417548354285,0.0003034024702749167
965,train,0.0009506983523162008,0.0012279818259657263
966,train,0.00033283809767238625,0.00039661873003160315
967,train,0.0007034250130424363,0.0008232228987072479
968,train,0.0011355234149010274,0.0010405535402724883
969,test,0.0001724871589199608,0.00025985959545118953
970,train,0.0005614649044302604,0.0007327622980597288
971,train,0.0010770123342002376,0.0016059330720474975
972,train,0.001035644297922447,0.001597735632717881
973,train,0.0007378846580277197,0.0009049774990290037
974,test,0.0004334602386492494,0.0004714922579457653
975,train,0.0003435523773802972,0.0005207870024556733
976,test,0.0016552940493325178,0.002369824735326922
977,train,0.0013220114238080892,0.0015273424839002236
978,test,0.003708483303943507,0.004465376460950753
979,train,0.00147785980924699,0.0014367128696666182
980,train,0.0004290972531882472,0.00044021625883173426
981,train,0.0007374203719310864,0.0008444322576826519
982,train,0.00025173052522061594,0.00028556213110616054
983,train,0.0007823888058471492,0.0009767613785363887
984,train,0.0009707679498642063,0.0012259800834683676
985,train,0.0003671753489443653,0.00048113980245752675
986,train,0.0007497240652961044,0.0010363635579286896
987,train,0.00036637902426423874,0.0004455966850710449
988,train,0.0010732489258283222,0.0010745615629097031
989,test,0.0007990149088973852,0.0011440448249524218
990,train,0.00071670823283812,0.0007904935073820852
991,train,0.0010869289112312658,0.0012314162776639172
992,test,0.0004062092488616308,0.000508657320922044
993,train,0.0014513380077029866,0.0017633071027558821
994,train,0.0014705144384722416,0.0020475678748329675
995,train,0.001702074353102864,0.0018607013321551948
996,test,0.0008209682964099752,0.0009778579427236667
997,test,0.0016019072386325983,0.0016999189844664909
998,train,0.00023840642047604592,0.00032717800150528403
999,train,0.0012052737942929855,0.001398916235425068
