0.000000,0.015625,0.031250,0.046875,0.062500,0.078125,0.093750,0.109375,0.125000,0.140625,0.156250,0.171875,0.187500,0.203125,0.218750,0.234375,0.250000,0.265625,0.281250,0.296875,0.312500,0.328125,0.343750,0.359375,0.375000,0.390625,0.406250,0.421875,0.437500,0.453125,0.468750,0.484375,0.500000,0.515625,0.531250,0.546875,0.562500,0.578125,0.593750,0.609375,0.625000,0.640625,0.656250,0.671875,0.687500,0.703125,0.718750,0.734375,0.750000,0.765625,0.781250,0.796875,0.812500,0.828125,0.843750,0.859375,0.875000,0.890625,0.906250,0.921875,0.937500,0.953125,0.968750,0.984375
7.73615495e-03,1.00334762e-02,1.04148916e-02,9.45798701e-03,7.62348535e-03,5.80489542e-03,6.93070781e-03,1.10449993e-02,1.62088963e-02,2.23042672e-02,2.46293201e-02,2.56073686e-02,2.59079041e-02,2.35815386e-02,1.88051786e-02,1.49180986e-02,1.17983438e-02,1.04180603e-02,8.40617245e-03,7.73996044e-03,6.27483078e-03,4.39680989e-03,2.32412753e-03,1.86465994e-05,-1.78023390e-03,-4.17451377e-03,-5.22895575e-03,-5.92343228e-03,-5.85995991e-03,-5.95909558e-03,-6.37266270e-03,-4.40813827e-03,-3.09609925e-03,-1.86027490e-03,1.14306851e-03,3.41145407e-03,8.50797412e-03,1.40159654e-02,1.87633339e-02,2.50037899e-02,3.16838063e-02,3.61234592e-02,3.61495519e-02,3.23471678e-02,2.73898881e-02,2.37504346e-02,2.09160747e-02,1.79840138e-02,1.39580295e-02,1.12414849e-02,9.63554094e-03,7.46018970e-03,7.01600544e-03,7.38255826e-03,8.74833329e-03,8.67000260e-03,6.92151955e-03,4.40329580e-03,1.75584143e-03,1.23019750e-03,2.84089163e-03,4.00984556e-03,4.19051532e-03,6.25629873e-03
7.83225465e-03,9.44034169e-03,9.89033660e-03,9.15331034e-03,7.75637874e-03,6.81123625e-03,7.99139016e-03,1.15131444e-02,1.62929843e-02,2.11490701e-02,2.39648854e-02,2.51511768e-02,2.49905412e-02,2.28329484e-02,1.90161802e-02,1.52899516e-02,1.23383003e-02,1.04120077e-02,8.73487336e-03,7.56119644e-03,6.11764984e-03,4.31053735e-03,2.27024607e-03,1.28520291e-04,-1.85428983e-03,-3.79715623e-03,-5.02225766e-03,-5.68739257e-03,-5.86318868e-03,-5.93024042e-03,-5.73824295e-03,-4.45970317e-03,-3.04211140e-03,-1.37660498e-03,1.17498289e-03,4.20366534e-03,8.71408425e-03,1.38719708e-02,1.90929413e-02,2.49559031e-02,3.07161827e-02,3.44895986e-02,3.47576193e-02,3.19392347e-02,2.77960323e-02,2.40823066e-02,2.09319610e-02,1.77850987e-02,1.43629041e-02,1.16232848e-02,9.64898197e-03,7.99131806e-03,7.37998760e-03,7.63306273e-03,8.29751066e-03,8.08410582e-03,6.62111574e-03,4.44664827e-03,2.46345428e-03,1.92561418e-03,2.80118482e-03,3.81403324e-03,4.64797919e-03,6.20224642e-03
7.75968721e-03,9.03087752e-03,9.45287022e-03,8.93457949e-03,7.97618877e-03,7.58012976e-03,8.84011412e-03,1.19743919e-02,1.62330465e-02,2.04230950e-02,2.32720078e-02,2.45403839e-02,2.42512627e-02,2.22848614e-02,1.90359866e-02,1.55985622e-02,1.27148965e-02,1.05791092e-02,8.89447041e-03,7.49648490e-03,5.99404626e-03,4.22307620e-03,2.23799211e-03,1.75344773e-04,-1.79679273e-03,-3.55525198e-03,-4.79770157e-03,-5.50429168e-03,-5.78244191e-03,-5.78789898e-03,-5.39373348e-03,-4.33959776e-03,-2.90322066e-03,-1.06738567e-03,1.43895044e-03,4.69020014e-03,8.96266093e-03,1.39170833e-02,1.92022346e-02,2.47477379e-02,2.98505105e-02,3.31553871e-02,3.36006010e-02,3.14622695e-02,2.79331050e-02,2.43139901e-02,2.09973391e-02,1.77844048e-02,1.46199112e-02,1.19231167e-02,9.85574973e-03,8.37175008e-03,7.70585010e-03,7.75068824e-03,7.99814166e-03,7.64440605e-03,6.36995619e-03,4.54677011e-03,2.96763232e-03,2.42147198e-03,2.91671242e-03,3.81314635e-03,4.85107121e-03,6.24528984e-03
7.64090730e-03,8.71478174e-03,9.11244260e-03,8.79444111e-03,8.21235352e-03,8.19432076e-03,9.52251069e-03,1.23702928e-02,1.61617399e-02,1.98988734e-02,2.26196462e-02,2.38923264e-02,2.36118724e-02,2.18407609e-02,1.89770907e-02,1.58168542e-02,1.30079847e-02,1.07810983e-02,9.00882997e-03,7.47552107e-03,5.90629148e-03,4.14737264e-03,2.21155753e-03,2.11161024e-04,-1.70193220e-03,-3.36493974e-03,-4.59127580e-03,-5.33265697e-03,-5.65237691e-03,-5.61647847e-03,-5.15275959e-03,-4.16285141e-03,-2.72000760e-03,-8.01737674e-04,1.74788879e-03,5.05719511e-03,9.21114603e-03,1.40195246e-02,1.92002269e-02,2.44437746e-02,2.90660806e-02,3.20436362e-02,3.26138866e-02,3.09531259e-02,2.78991509e-02,2.44502261e-02,2.10922936e-02,1.78697816e-02,1.48245755e-02,1.21866181e-02,1.01203275e-02,8.68964009e-03,7.96895453e-03,7.81554198e-03,7.78627347e-03,7.32151182e-03,6.18280859e-03,4.64894283e-03,3.33848978e-03,2.80383097e-03,3.10262186e-03,3.89835314e-03,4.96640277e-03,6.27644219e-03
7.51574155e-03,8.46235345e-03,8.85884865e-03,8.71738438e-03,8.43872934e-03,8.69337173e-03,1.00702498e-02,1.26948358e-02,1.61056087e-02,1.94843424e-02,2.20294690e-02,2.32674889e-02,2.30385846e-02,2.14528296e-02,1.88806995e-02,1.59581275e-02,1.32388218e-02,1.09718732e-02,9.11276403e-03,7.47771395e-03,5.84821502e-03,4.08847426e-03,2.19171877e-03,2.48558095e-04,-1.60075263e-03,-3.19920860e-03,-4.40414029e-03,-5.16176091e-03,-5.49735728e-03,-5.43880893e-03,-4.94562331e-03,-3.96816329e-03,-2.51321551e-03,-5.44096405e-04,2.04892481e-03,5.36932547e-03,9.44226668e-03,1.41205475e-02,1.91349806e-02,2.40938782e-02,2.83525336e-02,3.10980476e-02,3.17557055e-02,3.04370563e-02,2.77571893e-02,2.45063939e-02,2.11896657e-02,1.79902303e-02,1.50148732e-02,1.24322103e-02,1.03900915e-02,8.96911633e-03,8.18067149e-03,7.85995660e-03,7.63499952e-03,7.09025358e-03,6.05309414e-03,4.73877144e-03,3.62055429e-03,3.11504729e-03,3.31058063e-03,4.01990614e-03,5.05120138e-03,6.28153759e-03
7.39651180e-03,8.25470512e-03,8.66673643e-03,8.68109100e-03,8.65012174e-03,9.11330421e-03,1.05235912e-02,1.29648670e-02,1.60595819e-02,1.91320337e-02,2.14946517e-02,2.26819378e-02,2.25110197e-02,2.10948954e-02,1.87640885e-02,1.60478876e-02,1.34235164e-02,1.11424979e-02,9.21237199e-03,7.49395283e-03,5.81082464e-03,4.04469924e-03,2.17949444e-03,2.88741509e-04,-1.50104368e-03,-3.04708516e-03,-4.22928706e-03,-4.99092975e-03,-5.33164464e-03,-5.25921307e-03,-4.74834523e-03,-3.76688076e-03,-2.29541334e-03,-2.89028547e-04,2.33551269e-03,5.65093449e-03,9.65262330e-03,1.42036160e-02,1.90345584e-02,2.37294677e-02,2.76938441e-02,3.02619691e-02,3.09840690e-02,2.99272240e-02,2.75559800e-02,2.45076234e-02,2.12751250e-02,1.81208365e-02,1.52012908e-02,1.26674218e-02,1.06501168e-02,9.22148082e-03,8.36070055e-03,7.89858326e-03,7.52423173e-03,6.92059303e-03,5.96291493e-03,4.81861213e-03,3.84994502e-03,3.38228512e-03,3.51819198e-03,4.15306831e-03,5.12416781e-03,6.27204722e-03
7.28883030e-03,8.08683840e-03,8.52577692e-03,8.67592483e-03,8.84390605e-03,9.46662950e-03,1.08966320e-02,1.31861549e-02,1.60185723e-02,1.88269816e-02,2.10138124e-02,2.21427735e-02,2.20250155e-02,2.07592199e-02,1.86322391e-02,1.60956799e-02,1.35666156e-02,1.12898339e-02,9.30700869e-03,7.52102515e-03,5.79111378e-03,4.01589400e-03,2.17599513e-03,3.31859100e-04,-1.40448019e-03,-2.90528817e-03,-4.06377318e-03,-4.82093529e-03,-5.16039144e-03,-5.07813693e-03,-4.55409975e-03,-3.56167396e-03,-2.07166510e-03,-3.72219104e-05,2.60676951e-03,5.90723765e-03,9.83942204e-03,1.42637026e-02,1.89093075e-02,2.33640360e-02,2.70863519e-02,2.95155970e-02,3.02848168e-02,2.94305373e-02,2.73155311e-02,2.44640543e-02,2.13418149e-02,1.82509478e-02,1.53842333e-02,1.28931033e-02,1.08956658e-02,9.44965293e-03,8.51748094e-03,7.93707947e-03,7.44767101e-03,6.80109333e-03,5.90508060e-03,4.89113322e-03,4.04042631e-03,3.61401533e-03,3.71634810e-03,4.28784807e-03,5.19009345e-03,6.25556948e-03
7.19563522e-03,7.95270306e-03,8.42450594e-03,8.69192969e-03,9.02030204e-03,9.76624199e-03,1.12054039e-02,1.33665208e-02,1.59780953e-02,1.85571781e-02,2.05811043e-02,2.16495306e-02,2.15760545e-02,2.04409669e-02,1.84891981e-02,1.61108736e-02,1.36745297e-02,1.14144038e-02,9.39528899e-03,7.55557123e-03,5.78565914e-03,4.00061932e-03,2.18121133e-03,3.77860958e-04,-1.31096131e-03,-2.77111846e-03,-3.90514360e-03,-4.65253007e-03,-4.98674842e-03,-4.89570565e-03,-4.35985743e-03,-3.35402892e-03,-1.84570424e-03,2.09929236e-04,2.86357351e-03,6.14159765e-03,1.00027893e-02,1.43014411e-02,1.87679620e-02,2.30059213e-02,2.65240169e-02,2.88398994e-02,2.96438372e-02,2.89507365e-02,2.70521966e-02,2.43867912e-02,2.13876542e-02,1.83734814e-02,1.55614927e-02,1.31089727e-02,1.11258780e-02,9.65763937e-03,8.65851628e-03,7.97882911e-03,7.39873852e-03,6.71995488e-03,5.87212280e-03,4.95946622e-03,4.20370342e-03,3.81775058e-03,3.90074953e-03,4.41815405e-03,5.25147940e-03,6.23842208e-03
7.11666683e-03,7.84534231e-03,8.35220772e-03,8.72143371e-03,9.18167874e-03,1.00245486e-02,1.14654631e-02,1.35147937e-02,1.59359425e-02,1.83130546e-02,2.01875110e-02,2.11957912e-02,2.11580842e-02,2.01367359e-02,1.83384202e-02,1.61018608e-02,1.37547588e-02,1.15194340e-02,9.47682141e-03,7.59469869e-03,5.79091959e-03,3.99640379e-03,2.19403200e-03,4.26533815e-04,-1.21966699e-03,-2.64237142e-03,-3.75153434e-03,-4.48592793e-03,-4.81223767e-03,-4.71218463e-03,-4.16482104e-03,-3.14497841e-03,-1.61966873e-03,4.51819875e-04,3.10773786e-03,6.35749383e-03,1.01457859e-02,1.43208228e-02,1.86168592e-02,2.26579635e-02,2.59986400e-02,2.82178470e-02,2.90479004e-02,2.84877804e-02,2.67767330e-02,2.42858026e-02,2.14147802e-02,1.84857499e-02,1.57313091e-02,1.33151376e-02,1.13424582e-02,9.85004881e-03,8.78932379e-03,8.02489397e-03,7.37090872e-03,6.66677041e-03,5.85743688e-03,5.02581615e-03,4.34845415e-03,4.00023908e-03,4.07147543e-03,4.54195558e-03,5.30977494e-03,6.22382222e-03
7.05312367e-03,7.76299105e-03,8.30480089e-03,8.76088174e-03,9.32786827e-03,1.02452107e-02,1.16816442e-02,1.36333682e-02,1.58907538e-02,1.80914393e-02,1.98310624e-02,2.07811360e-02,2.07707485e-02,1.98464900e-02,1.81815802e-02,1.60715030e-02,1.38093323e-02,1.16050785e-02,9.55044402e-03,7.63676271e-03,5.80554825e-03,4.00265993e-03,2.21447952e-03,4.78150577e-04,-1.13007096e-03,-2.51818245e-03,-3.60236244e-03,-4.32142286e-03,-4.63758515e-03,-4.52773981e-03,-3.96881244e-03,-2.93519982e-03,-1.39502600e-03,6.87201357e-04,3.33871728e-03,6.55484033e-03,1.02684695e-02,1.43230974e-02,1.84591512e-02,2.23227938e-02,2.55089531e-02,2.76447652e-02,2.84938060e-02,2.80435282e-02,2.64947179e-02,2.41652995e-02,2.14231009e-02,1.85849234e-02,1.58909854e-02,1.35100088e-02,1.15450942e-02,1.00283234e-02,8.91227011e-03,8.07621706e-03,7.36217139e-03,6.63785916e-03,5.85877783e-03,5.09135780e-03,4.47802116e-03,4.16347875e-03,4.22757503e-03,4.65766610e-03,5.36551162e-03,6.21394889e-03
7.00353622e-03,7.70082944e-03,8.27588996e-03,8.80636953e-03,9.46079951e-03,1.04359208e-02,1.18633342e-02,1.37281014e-02,1.58422194e-02,1.78871836e-02,1.95050885e-02,2.03996065e-02,2.04098063e-02,1.95686964e-02,1.80209651e-02,1.60248337e-02,1.38432979e-02,1.16741868e-02,9.61632478e-03,7.68000541e-03,5.82711899e-03,4.01738268e-03,2.24146633e-03,5.32586619e-04,-1.04142634e-03,-2.39728380e-03,-3.45663682e-03,-4.15889415e-03,-4.46325172e-03,-4.34273444e-03,-3.77213493e-03,-2.72547021e-03,-1.17276778e-03,9.15836777e-04,3.55762813e-03,6.73592630e-03,1.03738635e-02,1.43118752e-02,1.82980484e-02,2.20003784e-02,2.50492996e-02,2.71111560e-02,2.79740373e-02,2.76168594e-02,2.62109489e-02,2.40311128e-02,2.14154707e-02,1.86708220e-02,1.60395529e-02,1.36935674e-02,1.17353774e-02,1.01954161e-02,9.02997691e-03,8.13257930e-03,7.36845978e-03,6.62738334e-03,5.87243049e-03,5.15694064e-03,4.59662035e-03,4.31148990e-03,4.37072513e-03,4.76561930e-03,5.41942701e-03,6.20950848e-03
6.96630018e-03,7.65524923e-03,8.26119040e-03,8.85555200e-03,9.58210304e-03,1.06020974e-02,1.20170771e-02,1.38032731e-02,1.57904877e-02,1.76968519e-02,1.92045370e-02,2.00463452e-02,2.00719188e-02,1.93021627e-02,1.78581309e-02,1.59653675e-02,1.38603607e-02,1.17290912e-02,9.67488288e-03,7.72333760e-03,5.85389634e-03,4.03900622e-03,2.27406513e-03,5.89680381e-04,-9.53226127e-04,-2.27882436e-03,-3.31366985e-03,-3.99815833e-03,-4.28944944e-03,-4.15747666e-03,-3.57515991e-03,-2.51635321e-03,-9.53433506e-04,1.13775760e-03,3.76545574e-03,6.90265265e-03,1.04644989e-02,1.42898851e-02,1.81354493e-02,2.16900545e-02,2.46153936e-02,2.66104771e-02,2.74833206e-02,2.72064593e-02,2.59280251e-02,2.38870470e-02,2.13943259e-02,1.87440184e-02,1.61768308e-02,1.38661007e-02,1.19146147e-02,1.03533448e-02,9.14396156e-03,8.19351777e-03,7.38690326e-03,6.63145773e-03,5.89589105e-03,5.22293456e-03,4.70686062e-03,4.44711607e-03,4.50263354e-03,4.86657922e-03,5.47202554e-03,6.21048144e-03
6.94157877e-03,7.62541608e-03,8.25909574e-03,8.90703280e-03,9.69154197e-03,1.07448094e-02,1.21444186e-02,1.38598062e-02,1.57353910e-02,1.75196074e-02,1.89286781e-02,1.97212250e-02,1.97572080e-02,1.90477235e-02,1.76942375e-02,1.58943571e-02,1.38613480e-02,1.17698389e-02,9.72546703e-03,7.76580421e-03,5.88504850e-03,4.06707322e-03,2.31221955e-03,6.49670852e-04,-8.65072837e-04,-2.16241103e-03,-3.17325706e-03,-3.83928520e-03,-4.11642915e-03,-3.97227972e-03,-3.37831896e-03,-2.30855595e-03,-7.37998360e-04,1.35193790e-03,3.96138414e-03,7.05460843e-03,1.05405615e-02,1.42580413e-02,1.79727361e-02,2.13928986e-02,2.42073313e-02,2.61421236e-02,2.70215460e-02,2.68135519e-02,2.56481700e-02,2.37349270e-02,2.13599749e-02,1.88033422e-02,1.63010579e-02,1.40261909e-02,1.20822514e-02,1.05024036e-02,9.25482065e-03,8.25915753e-03,7.41677851e-03,6.64892788e-03,5.92846192e-03,5.28961919e-03,4.80963642e-03,4.57103214e-03,4.62337649e-03,4.96043362e-03,5.52357593e-03,6.21743957e-03
6.92684276e-03,7.60749759e-03,8.26593003e-03,8.95937597e-03,9.79131021e-03,1.08694571e-02,1.22516977e-02,1.39021186e-02,1.56775826e-02,1.73523242e-02,1.86720692e-02,1.94184552e-02,1.94612178e-02,1.88036274e-02,1.75304611e-02,1.58150980e-02,1.38501255e-02,1.17993327e-02,9.76920531e-03,7.80684639e-03,5.91902493e-03,4.09988818e-03,2.35473199e-03,7.12147399e-04,-7.76652004e-04,-2.04733545e-03,-3.03472847e-03,-3.68194245e-03,-3.94423374e-03,-3.78743833e-03,-3.18202798e-03,-2.10246056e-03,-5.26507460e-04,1.55907350e-03,4.14711854e-03,7.19443455e-03,1.06051597e-02,1.42190431e-02,1.78109481e-02,2.11070764e-02,2.38201523e-02,2.56994550e-02,2.65830858e-02,2.64356219e-02,2.53723655e-02,2.35776908e-02,2.13153598e-02,1.88507873e-02,1.64135452e-02,1.41752016e-02,1.22400834e-02,1.06444440e-02,9.36347216e-03,8.32855659e-03,7.45527374e-03,6.67633666e-03,5.96784222e-03,5.35700050e-03,4.90700507e-03,4.68607869e-03,4.73537445e-03,5.04866492e-03,5.57450473e-03,6.22949026e-03
6.92099116e-03,7.59978047e-03,8.27999999e-03,9.01183107e-03,9.88223391e-03,1.09782847e-02,1.23416071e-02,1.39321158e-02,1.56173795e-02,1.71937230e-02,1.84324704e-02,1.91356935e-02,1.91822755e-02,1.85693666e-02,1.73675342e-02,1.57291572e-02,1.38284005e-02,1.18187661e-02,9.80645601e-03,7.84607012e-03,5.95502675e-03,4.13664517e-03,2.40107532e-03,7.76970979e-04,-6.87771757e-04,-1.93324749e-03,-2.89777867e-03,-3.52600533e-03,-3.77294249e-03,-3.60319259e-03,-2.98663445e-03,-1.89844993e-03,-3.19239030e-04,1.75919101e-03,4.32314622e-03,7.32310572e-03,1.06595961e-02,1.41741454e-02,1.76507243e-02,2.08320606e-02,2.34520417e-02,2.52799798e-02,2.61659043e-02,2.60719519e-02,2.51013354e-02,2.34167814e-02,2.12617511e-02,1.88870287e-02,1.65145436e-02,1.43133868e-02,1.23886252e-02,1.07801083e-02,9.47023560e-03,8.40127441e-03,7.50115920e-03,6.71218339e-03,6.01303376e-03,5.42507720e-03,4.99985507e-03,4.79349556e-03,4.83970413e-03,5.13195652e-03,5.62503812e-03,6.24627381e-03
6.92365964e-03,7.60147405e-03,8.30033260e-03,9.06372011e-03,9.96432615e-03,1.10720081e-02,1.24151551e-02,1.39505444e-02,1.55549322e-02,1.70434096e-02,1.82092660e-02,1.88724647e-02,1.89203094e-02,1.83453578e-02,1.72062796e-02,1.56374925e-02,1.37969257e-02,1.18284348e-02,9.83701535e-03,7.88293557e-03,5.99243699e-03,4.17687501e-03,2.45104244e-03,8.44191441e-04,-5.98216143e-04,-1.81989933e-03,-2.76225212e-03,-3.37148213e-03,-3.60273751e-03,-3.41988642e-03,-2.79263868e-03,-1.69716716e-03,-1.16909648e-04,1.95164038e-03,4.48905125e-03,7.44057889e-03,1.07042504e-02,1.41240516e-02,1.74928226e-02,2.05683311e-02,2.31030452e-02,2.48835188e-02,2.57700708e-02,2.57231719e-02,2.48361850e-02,2.32532478e-02,2.11996119e-02,1.89117918e-02,1.66033214e-02,1.44400163e-02,1.25274727e-02,1.09093334e-02,9.57513208e-03,8.47710520e-03,7.55389601e-03,6.75580069e-03,6.06360405e-03,5.49387968e-03,5.08860184e-03,4.89380970e-03,4.93679172e-03,5.21059982e-03,5.67536285e-03,6.26779095e-03
6.93285699e-03,7.61013721e-03,8.32501248e-03,9.11468870e-03,1.00393243e-02,1.11540676e-02,1.24762362e-02,1.39602048e-02,1.54908268e-02,1.68995297e-02,1.79988402e-02,1.86246234e-02,1.86719667e-02,1.81299193e-02,1.70469897e-02,1.55419422e-02,1.37581804e-02,1.18304927e-02,9.86206935e-03,7.91752157e-03,6.03052094e-03,4.21953148e-03,2.50374464e-03,9.13352986e-04,-5.07975224e-04,-1.70697384e-03,-2.62776164e-03,-3.21811062e-03,-3.43356241e-03,-3.23763215e-03,-2.60019363e-03,-1.49860996e-03,8.08743644e-05,2.13741566e-03,4.64649885e-03,7.54901870e-03,1.07413241e-02,1.40702940e-02,1.73373414e-02,2.03140575e-02,2.27695399e-02,2.45055620e-02,2.53915573e-02,2.53868831e-02,2.45765495e-02,2.30883504e-02,2.11309701e-02,1.89271762e-02,1.66817819e-02,1.45568213e-02,1.26581760e-02,1.10332421e-02,9.67844787e-03,8.55523027e-03,7.61174209e-03,6.80520311e-03,6.11819705e-03,5.56327005e-03,5.17432460e-03,4.98879758e-03,5.02840389e-03,5.28575657e-03,5.72565330e-03,6.29306611e-03
6.94799708e-03,7.62496301e-03,8.35330069e-03,9.16441631e-03,1.01075437e-02,1.12253403e-02,1.25259284e-02,1.39619099e-02,1.54252793e-02,1.67616543e-02,1.78003408e-02,1.83912616e-02,1.84366472e-02,1.79229571e-02,1.68900965e-02,1.54432740e-02,1.37129648e-02,1.18254917e-02,9.88177860e-03,7.94962734e-03,6.06887202e-03,4.26419407e-03,2.55889474e-03,9.84361706e-04,-4.16978692e-04,-1.59432242e-03,-2.49418118e-03,-3.06586332e-03,-3.26552125e-03,-3.05666170e-03,-2.40962609e-03,-1.30313969e-03,2.73806791e-04,2.31637175e-03,4.79559192e-03,7.64879935e-03,1.07713861e-02,1.40134538e-02,1.71846307e-02,2.00691639e-02,2.24510106e-02,2.41453710e-02,2.50296822e-02,2.50632952e-02,2.43226920e-02,2.29227294e-02,2.10564147e-02,1.89335096e-02,1.67500128e-02,1.46638020e-02,1.27807694e-02,1.11518862e-02,9.78011548e-03,8.63533137e-03,7.67413585e-03,6.85976997e-03,6.17639669e-03,5.63321592e-03,5.25736534e-03,5.07900802e-03,5.11508621e-03,5.35780558e-03,5.77601499e-03,6.32186210e-03
6.96839980e-03,7.64507288e-03,8.38444052e-03,9.21262088e-03,1.01693762e-02,1.12867964e-02,1.25654022e-02,1.39565474e-02,1.53585411e-02,1.66293278e-02,1.76128244e-02,1.81713398e-02,1.82136198e-02,1.77242858e-02,1.67360028e-02,1.53422896e-02,1.36621598e-02,1.18140837e-02,9.89639145e-03,7.97910347e-03,6.10709041e-03,4.31041321e-03,2.61615954e-03,1.05707938e-03,-3.25186783e-04,-1.48181125e-03,-2.36138858e-03,-2.91471504e-03,-3.09872716e-03,-2.87722394e-03,-2.22127871e-03,-1.11111654e-03,4.61613580e-04,2.48843154e-03,4.93652921e-03,7.74039735e-03,1.07950842e-02,1.39541393e-02,1.70350052e-02,1.98334878e-02,2.21468203e-02,2.38020618e-02,2.46837978e-02,2.47523040e-02,2.40749207e-02,2.27569779e-02,2.09765991e-02,1.89312627e-02,1.68082659e-02,1.47610905e-02,1.28953549e-02,1.12653160e-02,9.88001756e-03,8.71702206e-03,7.74045335e-03,6.91883350e-03,6.23775485e-03,5.70367103e-03,5.33808106e-03,5.16503891e-03,5.19744998e-03,5.42717023e-03,5.82654266e-03,6.35387267e-03
6.99290464e-03,7.66917824e-03,8.41755047e-03,9.25930766e-03,1.02259006e-02,1.13403377e-02,1.25967477e-02,1.39456253e-02,1.52909533e-02,1.65015606e-02,1.74342763e-02,1.79624595e-02,1.80008377e-02,1.75327388e-02,1.65846429e-02,1.52398499e-02,1.36070999e-02,1.17975519e-02,9.90674495e-03,8.00619200e-03,6.14491702e-03,4.35767017e-03,2.67502309e-03,1.13117468e-03,-2.32689680e-04,-1.36934379e-03,-2.22921217e-03,-2.76452486e-03,-2.93312370e-03,-2.69932916e-03,-2.03514529e-03,-9.22390056e-04,6.44725270e-04,2.65439775e-03,5.07047509e-03,7.82518000e-03,1.08136761e-02,1.38930891e-02,1.68883028e-02,1.96057756e-02,2.18547647e-02,2.34730010e-02,2.43516177e-02,2.44519127e-02,2.38328165e-02,2.25915776e-02,2.08926562e-02,1.89218733e-02,1.68580045e-02,1.48500111e-02,1.30029918e-02,1.13741778e-02,9.97824182e-03,8.79979199e-03,7.80974585e-03,6.98135789e-03,6.30156052e-03,5.77453414e-03,5.41700842e-03,5.24783609e-03,5.27647550e-03,5.49449100e-03,5.87727406e-03,6.38845744e-03
7.02117182e-03,7.69683531e-03,8.45222926e-03,9.30427573e-03,1.02772088e-02,1.13863180e-02,1.26204325e-02,1.39295298e-02,1.52226736e-02,1.63782485e-02,1.72644187e-02,1.77643312e-02,1.77981638e-02,1.73484176e-02,1.64363535e-02,1.51364238e-02,1.35482348e-02,1.17761901e-02,9.91291000e-03,8.03076082e-03,6.18210180e-03,4.40570330e-03,2.73529612e-03,1.20656641e-03,-1.39476074e-04,-1.25686717e-03,-2.09762003e-03,-2.61533426e-03,-2.76885495e-03,-2.52322782e-03,-1.85156018e-03,-7.37332032e-04,8.22798307e-04,2.81402846e-03,5.19734982e-03,7.90325335e-03,1.08274226e-02,1.38306346e-02,1.67448152e-02,1.93861956e-02,2.15748863e-02,2.31582031e-02,2.40332286e-02,2.41622379e-02,2.35967621e-02,2.24269625e-02,2.08049083e-02,1.89054807e-02,1.68991947e-02,1.49304266e-02,1.31035116e-02,1.14782949e-02,1.00745768e-02,8.88336186e-03,7.88167680e-03,7.04702050e-03,6.36760453e-03,5.84578045e-03,5.49430828e-03,5.32767890e-03,5.35245829e-03,5.55997906e-03,5.92825915e-03,6.42546477e-03
7.05252525e-03,7.72729946e-03,8.48796362e-03,9.34750312e-03,1.03238668e-02,1.14257554e-02,1.26375885e-02,1.39090957e-02,1.51539239e-02,1.62589061e-02,1.71022171e-02,1.75757151e-02,1.76045516e-02,1.71707566e-02,1.62911684e-02,1.50325446e-02,1.34863451e-02,1.17507346e-02,9.91535887e-03,8.05293572e-03,6.21847869e-03,4.45419403e-03,2.79665980e-03,1.28304138e-03,-4.56208554e-05,-1.14435146e-03,-1.96654624e-03,-2.46710860e-03,-2.60595430e-03,-2.34901370e-03,-1.67062676e-03,-5.55973593e-04,9.95960117e-04,2.96767460e-03,5.31773016e-03,7.97533688e-03,1.08370156e-02,1.37672166e-02,1.66045272e-02,1.91741793e-02,2.13061425e-02,2.28563999e-02,2.37274465e-02,2.38824768e-02,2.33665415e-02,2.22634610e-02,2.07140248e-02,1.88828880e-02,1.69326192e-02,1.50030046e-02,1.31974011e-02,1.15779071e-02,1.01689589e-02,8.96736313e-03,7.95566901e-03,7.11522323e-03,6.43548244e-03,5.91734789e-03,5.57027668e-03,5.40509851e-03,5.42595483e-03,5.62399831e-03,5.97951229e-03,6.46451557e-03
7.08632874e-03,7.75991051e-03,8.52435372e-03,9.38907898e-03,1.03665189e-02,1.14596989e-02,1.26493389e-02,1.38851281e-02,1.50848875e-02,1.61429976e-02,1.69465606e-02,1.73952546e-02,1.74187934e-02,1.69990023e-02,1.61489354e-02,1.49285987e-02,1.34221338e-02,1.17219246e-02,9.91463503e-03,8.07295081e-03,6.25398974e-03,4.50290190e-03,2.85882983e-03,1.36038151e-03,4.87736135e-05,-1.03179455e-03,-1.83593244e-03,-2.31978558e-03,-2.44438365e-03,-2.17666100e-03,-1.49228158e-03,-3.78139883e-04,1.16456503e-03,3.11590753e-03,5.43237234e-03,8.04225544e-03,1.08431566e-02,1.37031876e-02,1.64672537e-02,1.89689320e-02,2.10472254e-02,2.25660240e-02,2.34327788e-02,2.36115563e-02,2.31416814e-02,2.21012293e-02,2.06206439e-02,1.88550061e-02,1.69592642e-02,1.50686482e-02,1.32853570e-02,1.16734100e-02,1.02614283e-02,9.05149933e-03,8.03120226e-03,7.18541301e-03,6.50481526e-03,5.98917351e-03,5.64518454e-03,5.48058643e-03,5.49747785e-03,5.68687272e-03,6.03102066e-03,6.50522996e-03
7.12238367e-03,7.79440594e-03,8.56114372e-03,9.42882921e-03,1.04051209e-02,1.14882333e-02,1.26558488e-02,1.38578019e-02,1.50156937e-02,1.60305915e-02,1.67974875e-02,1.72230153e-02,1.72410370e-02,1.68334030e-02,1.60099814e-02,1.48249290e-02,1.33558819e-02,1.16899173e-02,9.91074925e-03,8.09069373e-03,6.28845490e-03,4.55164298e-03,2.92166685e-03,1.43851079e-03,1.43682187e-04,-9.19205729e-04,-1.70581559e-03,-2.17346830e-03,-2.28433596e-03,-2.00645768e-03,-1.31689165e-03,-2.04242195e-04,1.32821210e-03,3.25839240e-03,5.54106189e-03,8.10394837e-03,1.08459423e-02,1.36387752e-02,1.63333087e-02,1.87708117e-02,2.07985135e-02,2.22874703e-02,2.31496384e-02,2.33499115e-02,2.29226020e-02,2.19406125e-02,2.05249640e-02,1.88218507e-02,1.69789800e-02,1.51270985e-02,1.33670752e-02,1.17644979e-02,1.03516947e-02,9.13549785e-03,8.10802912e-03,7.25739036e-03,6.57548248e-03,6.06123686e-03,5.71910739e-03,5.55428189e-03,5.56717915e-03,5.74871137e-03,6.08280500e-03,6.54751571e-03
7.16013946e-03,7.83024423e-03,8.59804652e-03,9.46690578e-03,1.04403025e-02,1.15123219e-02,1.26581238e-02,1.38278253e-02,1.49464889e-02,1.59211833e-02,1.66539612e-02,1.70577129e-02,1.70701013e-02,1.66731658e-02,1.58740548e-02,1.47217942e-02,1.32881799e-02,1.16553899e-02,9.90424744e-03,8.10645438e-03,6.32189715e-03,4.60025114e-03,2.98493150e-03,1.51721929e-03,2.38981430e-04,-8.06616305e-04,-1.57616418e-03,-2.02809951e-03,-2.12574767e-03,-1.83831987e-03,-1.14430792e-03,-3.40042543e-05,1.48735934e-03,3.39578111e-03,5.64459327e-03,8.16122653e-03,1.08460136e-02,1.35742465e-02,1.62024269e-02,1.85789710e-02,2.05586744e-02,2.20191552e-02,2.28765058e-02,2.30964094e-02,2.27087274e-02,2.17816534e-02,2.04275499e-02,1.87843230e-02,1.69927958e-02,1.51793248e-02,1.34433144e-02,1.18516151e-02,1.04398441e-02,9.21911972e-03,8.18570210e-03,7.33067485e-03,6.64715202e-03,6.13347634e-03,5.79226988e-03,5.62659865e-03,5.63548798e-03,5.80977499e-03,6.13483061e-03,6.59102519e-03
7.19926091e-03,7.86709484e-03,8.63488230e-03,9.50338899e-03,1.04724272e-02,1.15325277e-02,1.26567558e-02,1.37956207e-02,1.48773718e-02,1.58144946e-02,1.65153942e-02,1.68986164e-02,1.69053170e-02,1.65178495e-02,1.57410315e-02,1.46193684e-02,1.32193939e-02,1.16187551e-02,9.89545923e-03,8.12040534e-03,6.35432594e-03,4.64861971e-03,3.04847089e-03,1.59636990e-03,3.34584377e-04,-6.94060212e-04,-1.44697774e-03,-1.88366774e-03,-1.96860889e-03,-1.67223093e-03,-9.74478788e-04,1.32700121e-04,1.64224258e-03,3.52843007e-03,5.74341557e-03,8.21455904e-03,1.08437510e-02,1.35097741e-02,1.60744798e-02,1.83929504e-02,2.03269715e-02,2.17601990e-02,2.26125388e-02,2.28504304e-02,2.24997567e-02,2.16244047e-02,2.03287516e-02,1.87429610e-02,1.70013143e-02,1.52258825e-02,1.35144951e-02,1.19349897e-02,1.05258915e-02,9.30219210e-03,8.26393227e-03,7.40496594e-03,6.71961774e-03,6.20585060e-03,5.86480322e-03,5.69778158e-03,5.70265849e-03,5.87021639e-03,6.18707256e-03,6.63554525e-03
7.23961840e-03,7.90477816e-03,8.67145397e-03,9.53810313e-03,1.05013735e-02,1.15487998e-02,1.26517641e-02,1.37612659e-02,1.48084666e-02,1.57106924e-02,1.63820009e-02,1.67459939e-02,1.67470042e-02,1.63678069e-02,1.56112626e-02,1.45179546e-02,1.31497359e-02,1.15801090e-02,9.88436630e-03,8.13244147e-03,6.38559214e-03,4.69659886e-03,3.11216449e-03,1.67588026e-03,4.30434348e-04,-5.81596126e-04,-1.31835062e-03,-1.74033345e-03,-1.81316554e-03,-1.50852691e-03,-8.07817378e-04,2.95411341e-04,1.79240090e-03,3.65593023e-03,5.83722469e-03,8.26378996e-03,1.08391721e-02,1.34455529e-02,1.59498242e-02,1.82132384e-02,2.01039879e-02,2.15112372e-02,2.23583803e-02,2.26125762e-02,2.22961914e-02,2.14692123e-02,2.02287195e-02,1.86977120e-02,1.70043087e-02,1.52664284e-02,1.35802240e-02,1.20142337e-02,1.06094896e-02,9.38442497e-03,8.34249296e-03,7.48010306e-03,6.79278696e-03,6.27833272e-03,5.93673617e-03,5.76789535e-03,5.76876392e-03,5.93008680e-03,6.23953367e-03,6.68101324e-03
7.28081855e-03,7.94295562e-03,8.70766351e-03,9.57131498e-03,1.05277761e-02,1.15620039e-02,1.26440002e-02,1.37253222e-02,1.47398314e-02,1.56092554e-02,1.62527711e-02,1.65985666e-02,1.65939693e-02,1.62221007e-02,1.54842852e-02,1.44175701e-02,1.30795861e-02,1.15400028e-02,9.87149626e-03,8.14292887e-03,6.41584903e-03,4.74415758e-03,3.17587379e-03,1.75559028e-03,5.26414501e-04,-4.69266369e-04,-1.19024718e-03,-1.59799063e-03,-1.65924255e-03,-1.34694567e-03,-6.43941339e-04,4.54667484e-04,1.93854357e-03,3.77913418e-03,5.92692984e-03,8.30974044e-03,1.08328287e-02,1.33816885e-02,1.58279983e-02,1.80387880e-02,1.98882000e-02,2.12704965e-02,2.21123050e-02,2.23814742e-02,2.20972027e-02,2.13158928e-02,2.01278716e-02,1.86494422e-02,1.70028806e-02,1.53020769e-02,1.36414376e-02,1.20899751e-02,1.06909066e-02,9.46576029e-03,8.42110950e-03,7.55574964e-03,6.86641423e-03,6.35087015e-03,6.00822599e-03,5.83723745e-03,5.83409694e-03,5.98955718e-03,6.29216030e-03,6.72715476e-03
7.32270208e-03,7.98146492e-03,8.74340665e-03,9.60302488e-03,1.05517527e-02,1.15723456e-02,1.26336951e-02,1.36879714e-02,1.46715393e-02,1.55101261e-02,1.61275373e-02,1.64561230e-02,1.64460465e-02,1.60806398e-02,1.53601228e-02,1.43183479e-02,1.30091391e-02,1.14986322e-02,9.85699373e-03,8.15193337e-03,6.44508433e-03,4.79122815e-03,3.23950716e-03,1.83541140e-03,6.22452801e-04,-3.57126571e-04,-1.06271864e-03,-1.45669898e-03,-1.50691534e-03,-1.18757448e-03,-4.82934699e-04,6.10410517e-04,2.08066137e-03,3.89809559e-03,6.01264556e-03,8.35256452e-03,1.08248768e-02,1.33182948e-02,1.57090367e-02,1.78695378e-02,1.96794634e-02,2.10377899e-02,2.18741409e-02,2.21570254e-02,2.19027912e-02,2.11645518e-02,2.00263933e-02,1.85983732e-02,1.69972407e-02,1.53329889e-02,1.36982200e-02,1.21622097e-02,1.07700534e-02,9.54604477e-03,8.49959942e-03,7.63173770e-03,6.94038679e-03,6.42343012e-03,6.07931949e-03,5.90590510e-03,5.89875382e-03,6.04868587e-03,6.34493319e-03,6.77386654e-03
7.36512177e-03,8.02014495e-03,8.77855685e-03,9.63318095e-03,1.05733427e-02,1.15799423e-02,1.26210049e-02,1.36493594e-02,1.46036857e-02,1.54133330e-02,1.60062789e-02,1.63186420e-02,1.63032049e-02,1.59435008e-02,1.52389117e-02,1.42204761e-02,1.29385975e-02,1.14561685e-02,9.84096384e-03,8.15948079e-03,6.47325424e-03,4.83772218e-03,3.30296017e-03,1.91524399e-03,7.18461533e-04,-2.45257848e-04,-9.35856141e-04,-1.31657575e-03,-1.35633643e-03,-1.03059856e-03,-3.24999396e-04,7.62444369e-04,2.21859587e-03,4.01271816e-03,6.09435160e-03,8.39231653e-03,1.08154284e-02,1.32555145e-02,1.55930851e-02,1.77056175e-02,1.94778875e-02,2.08132179e-02,2.16440000e-02,2.19393728e-02,2.17131307e-02,2.10153828e-02,1.99244699e-02,1.85446518e-02,1.69874731e-02,1.53591721e-02,1.37505024e-02,1.22308012e-02,1.08467432e-02,9.62506461e-03,8.57775131e-03,7.70788993e-03,7.01458856e-03,6.49597177e-03,6.15004487e-03,5.97396710e-03,5.96281894e-03,6.10751222e-03,6.39783046e-03,6.82105512e-03
7.40787933e-03,8.05884636e-03,8.81311297e-03,9.66199109e-03,1.05929549e-02,1.15853182e-02,1.26064270e-02,1.36097991e-02,1.45362779e-02,1.53185353e-02,1.58883593e-02,1.61853214e-02,1.61646344e-02,1.58100537e-02,1.51202936e-02,1.41238888e-02,1.28681356e-02,1.14129217e-02,9.82373605e-03,8.16582868e-03,6.50049905e-03,4.88366490e-03,3.36617863e-03,1.99500306e-03,8.14368511e-04,-1.33692745e-04,-8.09637597e-04,-1.17753886e-03,-1.20735764e-03,-8.75790175e-04,-1.69811426e-04,9.11201293e-04,2.35288529e-03,4.12361440e-03,6.17266798e-03,8.42952594e-03,1.08048086e-02,1.31933632e-02,1.54797835e-02,1.75462891e-02,1.92824306e-02,2.05955787e-02,2.14207065e-02,2.17275577e-02,2.15276093e-02,2.08681967e-02,1.98223218e-02,1.84888192e-02,1.69743032e-02,1.53813865e-02,1.37989457e-02,1.22962186e-02,1.09212149e-02,9.70284739e-03,8.65544785e-03,7.78403659e-03,7.08888749e-03,6.56846035e-03,6.22047569e-03,6.04156808e-03,6.02644199e-03,6.16611069e-03,6.45081092e-03,6.86857056e-03
7.45087116e-03,8.09745999e-03,8.84699297e-03,9.68942657e-03,1.06106238e-02,1.15885609e-02,1.25900749e-02,1.35693966e-02,1.44693873e-02,1.52257590e-02,1.57737685e-02,1.60561380e-02,1.60303273e-02,1.56803378e-02,1.50043608e-02,1.40287185e-02,1.27979005e-02,1.13690225e-02,9.80539898e-03,8.17101087e-03,6.52680049e-03,4.92900000e-03,3.42908650e-03,2.07460791e-03,9.10095492e-04,-2.25093684e-05,-6.84148214e-04,-1.03968939e-03,-1.06010046e-03,-7.23288144e-04,-1.75164566e-05,1.05654892e-03,2.48342708e-03,4.23072813e-03,6.24759226e-03,8.46424066e-03,1.07931021e-02,1.31319435e-02,1.53692330e-02,1.73916398e-02,1.90931640e-02,2.03849364e-02,2.12043324e-02,2.15216751e-02,2.13463471e-02,2.07231339e-02,1.97200915e-02,1.84309981e-02,1.69578132e-02,1.53996590e-02,1.38435162e-02,1.23583719e-02,1.09933344e-02,9.77923412e-03,8.73252900e-03,7.86004123e-03,7.16319068e-03,6.64085615e-03,6.29062102e-03,6.10874828e-03,6.08966799e-03,6.22450150e-03,6.50385121e-03,6.91634251e-03
7.49398025e-03,8.13588117e-03,8.88015027e-03,9.71553003e-03,1.06264842e-02,1.15898677e-02,1.25721543e-02,1.35283038e-02,1.44030636e-02,1.51349330e-02,1.56623327e-02,1.59308641e-02,1.59000661e-02,1.55542066e-02,1.48910726e-02,1.39350300e-02,1.27280332e-02,1.13246417e-02,9.78610503e-03,8.17512729e-03,6.55219283e-03,4.97370311e-03,3.49162033e-03,2.15397833e-03,1.00556247e-03,8.82206287e-05,-5.59450165e-04,-9.03081923e-04,-9.14611549e-04,-5.73124837e-04,1.31879291e-04,1.19852232e-03,2.61030665e-03,4.33419492e-03,6.31929556e-03,8.49663769e-03,1.07804523e-02,1.30713248e-02,1.52614000e-02,1.72415253e-02,1.89098516e-02,2.01810073e-02,2.09946061e-02,2.13215261e-02,2.11692555e-02,2.05802348e-02,1.96179350e-02,1.83714216e-02,1.69382619e-02,1.54142224e-02,1.38843790e-02,1.24173343e-02,1.10630806e-02,9.85412794e-03,8.80885640e-03,7.93576541e-03,7.23739678e-03,6.71311689e-03,6.36049798e-03,6.17556324e-03,6.15255579e-03,6.28271015e-03,6.55692062e-03,6.96428447e-03
7.53711174e-03,8.17405241e-03,8.91261639e-03,9.74045072e-03,1.06407930e-02,1.15895516e-02,1.25529519e-02,1.34866927e-02,1.43372958e-02,1.50458389e-02,1.55536546e-02,1.58089973e-02,1.57733439e-02,1.54312428e-02,1.47801695e-02,1.38427424e-02,1.26586064e-02,1.12799488e-02,9.76605314e-03,8.17834852e-03,6.57678433e-03,5.01781347e-03,3.55376539e-03,2.23307195e-03,1.10072668e-03,1.98475673e-04,-4.35529259e-04,-7.67656922e-04,-7.70778249e-04,-4.25125345e-04,2.78621097e-04,1.33743999e-03,2.73390605e-03,4.43443303e-03,6.38818515e-03,8.52704972e-03,1.07670472e-02,1.30114893e-02,1.51560250e-02,1.70954473e-02,1.87318052e-02,1.99830028e-02,2.07907534e-02,2.11264690e-02,2.09959096e-02,2.04393443e-02,1.95159641e-02,1.83104182e-02,1.69161110e-02,1.54255748e-02,1.39219805e-02,1.24734378e-02,1.11306434e-02,9.92758499e-03,8.88439054e-03,8.01112785e-03,7.31143527e-03,6.78521814e-03,6.43013675e-03,6.24207941e-03,6.21517199e-03,6.34076640e-03,6.60999109e-03,7.01231736e-03
7.58018571e-03,8.21188508e-03,8.94431223e-03,9.76413570e-03,1.06535337e-02,1.15876334e-02,1.25325193e-02,1.34446341e-02,1.42721642e-02,1.49585609e-02,1.54478228e-02,1.56906358e-02,1.56502750e-02,1.53115805e-02,1.46718004e-02,1.37520067e-02,1.25897560e-02,1.12350477e-02,9.74530392e-03,8.18068871e-03,6.60054802e-03,5.06127378e-03,3.61544589e-03,2.31180303e-03,1.19549516e-03,3.08152620e-04,-3.12504930e-04,-6.33558948e-04,-6.28769953e-04,-2.79482533e-04,4.22503096e-04,1.47309933e-03,2.85404506e-03,4.53130347e-03,6.45417832e-03,8.55545904e-03,1.07529354e-02,1.29525466e-02,1.50532684e-02,1.69536055e-02,1.85592514e-02,1.97911649e-02,2.05930211e-02,2.09367444e-02,2.08265289e-02,2.03006467e-02,1.94143122e-02,1.82480589e-02,1.68913636e-02,1.54336541e-02,1.39562034e-02,1.25265252e-02,1.11958440e-02,9.99942439e-03,8.95896652e-03,8.08599434e-03,7.38521180e-03,6.85710733e-03,6.49952043e-03,6.30830226e-03,6.27752679e-03,6.39866772e-03,6.66303478e-03,7.06038423e-03
7.62313372e-03,8.24934009e-03,8.97526413e-03,9.78669616e-03,1.06648943e-02,1.15843407e-02,1.25110650e-02,1.34022552e-02,1.42076656e-02,1.48729481e-02,1.53445582e-02,1.55754249e-02,1.55305006e-02,1.51949234e-02,1.45657817e-02,1.36627682e-02,1.25215395e-02,1.11900680e-02,9.72400959e-03,8.18227973e-03,6.62356873e-03,5.10411493e-03,3.67664822e-03,2.39013212e-03,1.28982318e-03,4.17218653e-04,-1.90384910e-04,-5.00763643e-04,-4.88520442e-04,-1.36080179e-04,5.63693878e-04,1.60572659e-03,2.97099918e-03,4.62511014e-03,6.51757220e-03,8.58210927e-03,1.07382564e-02,1.28944875e-02,1.49529473e-02,1.68156453e-02,1.83916993e-02,1.96049313e-02,2.04008576e-02,2.07518960e-02,2.06608144e-02,2.01640389e-02,1.93130703e-02,1.81845924e-02,1.68643642e-02,1.54388292e-02,1.39873755e-02,1.25768371e-02,1.12588158e-02,1.00696795e-02,9.03254650e-03,8.16029575e-03,7.45866452e-03,6.92875562e-03,6.56865946e-03,6.37426849e-03,6.33965769e-03,6.45642678e-03,6.71602529e-03,7.10842498e-03
7.66591144e-03,8.28639867e-03,9.00550514e-03,9.80823001e-03,1.06750295e-02,1.15798549e-02,1.24887514e-02,1.33596495e-02,1.41437884e-02,1.47888699e-02,1.52436265e-02,1.54630680e-02,1.54137182e-02,1.50810167e-02,1.44619465e-02,1.35749637e-02,1.24539868e-02,1.11451023e-02,9.70228748e-03,8.18322871e-03,6.64592058e-03,5.14637029e-03,3.73737050e-03,2.46803593e-03,1.38368221e-03,5.25654134e-04,-6.91662035e-05,-3.69234767e-04,-3.49959533e-04,5.19623553e-06,7.02355038e-04,1.73552987e-03,3.08501446e-03,4.71611721e-03,6.57861835e-03,8.60720036e-03,1.07231170e-02,1.28372913e-02,1.48548940e-02,1.66812560e-02,1.82287253e-02,1.94238181e-02,2.02137871e-02,2.05715265e-02,2.04984979e-02,2.00294162e-02,1.92122977e-02,1.81202132e-02,1.68353936e-02,1.54414088e-02,1.40157790e-02,1.26245891e-02,1.13196896e-02,1.01383996e-02,9.10511912e-03,8.23399083e-03,7.53175230e-03,7.00014267e-03,6.63756027e-03,6.44000272e-03,6.40158969e-03,6.51405095e-03,6.76894291e-03,7.15639777e-03
7.70844524e-03,8.32297646e-03,9.03495139e-03,9.82866642e-03,1.06838928e-02,1.15741614e-02,1.24656000e-02,1.33168762e-02,1.40806273e-02,1.47064537e-02,1.51451846e-02,1.53537463e-02,1.53001255e-02,1.49700653e-02,1.43604939e-02,1.34887715e-02,1.23872418e-02,1.11002504e-02,9.68018888e-03,8.18354069e-03,6.66756959e-03,5.18797652e-03,3.79752886e-03,2.54541517e-03,1.47695800e-03,6.33326678e-04,5.09935129e-05,-2.39157497e-04,-2.13305670e-04,1.44099603e-04,8.38224722e-04,1.86224604e-03,3.19584815e-03,4.80412478e-03,6.63718041e-03,8.63067581e-03,1.07075507e-02,1.27810835e-02,1.47593201e-02,1.65507226e-02,1.80706684e-02,1.92481953e-02,2.00321836e-02,2.03959862e-02,2.03398806e-02,1.98970095e-02,1.91121379e-02,1.80549715e-02,1.68044121e-02,1.54412759e-02,1.40412393e-02,1.26695725e-02,1.13782455e-02,1.02053744e-02,9.17649997e-03,8.30693105e-03,7.60436664e-03,7.07119804e-03,6.70618329e-03,6.50548506e-03,6.46330931e-03,6.57152059e-03,6.82175226e-03,7.20424721e-03
7.75071877e-03,8.35909591e-03,9.06368900e-03,9.84816346e-03,1.06916982e-02,1.15674898e-02,1.24417987e-02,1.32740224e-02,1.40181251e-02,1.46254833e-02,1.50488772e-02,1.52470169e-02,1.51892635e-02,1.48616625e-02,1.42611260e-02,1.34040294e-02,1.23212731e-02,1.10555808e-02,9.65783763e-03,8.18335053e-03,6.68862847e-03,5.22900803e-03,3.85716026e-03,2.62228300e-03,1.56966024e-03,7.40264328e-04,1.70158446e-04,-1.10414374e-04,-7.83775201e-05,2.80880772e-04,9.71625062e-04,1.98625751e-03,3.30392086e-03,4.88955583e-03,6.69363510e-03,8.65280982e-03,1.06916738e-02,1.27257791e-02,1.46659196e-02,1.64235295e-02,1.79168495e-02,1.90772961e-02,1.98552888e-02,2.02246237e-02,2.01844931e-02,1.97665846e-02,1.90126003e-02,1.79890889e-02,1.67717910e-02,1.54388729e-02,1.40641927e-02,1.27121566e-02,1.14347515e-02,1.02707645e-02,9.24676049e-03,8.37913137e-03,7.67650094e-03,7.14192005e-03,6.77454317e-03,6.57074246e-03,6.52484184e-03,6.62884496e-03,6.87444079e-03,7.25194757e-03
7.79270328e-03,8.39474153e-03,9.09172840e-03,9.86676406e-03,1.06985177e-02,1.15599276e-02,1.24174296e-02,1.32311420e-02,1.39562903e-02,1.45459151e-02,1.49546150e-02,1.51427635e-02,1.50810139e-02,1.47557125e-02,1.41637875e-02,1.33207294e-02,1.22561141e-02,1.10111537e-02,9.63530184e-03,8.18271661e-03,6.70913410e-03,5.26947587e-03,3.91625229e-03,2.69861031e-03,1.66175165e-03,8.46429673e-04,2.88296925e-04,1.69769415e-05,5.48254029e-05,4.15556961e-04,1.10260002e-03,2.10763425e-03,3.40932542e-03,4.97251808e-03,6.74809166e-03,8.67369546e-03,1.06755440e-02,1.26713845e-02,1.45746375e-02,1.62995611e-02,1.77671049e-02,1.89109324e-02,1.96829192e-02,2.00572907e-02,2.00322449e-02,1.96381233e-02,1.89137370e-02,1.79226735e-02,1.67376702e-02,1.54343440e-02,1.40847623e-02,1.27524260e-02,1.14892467e-02,1.03345677e-02,9.31586934e-03,8.45054779e-03,7.74811393e-03,7.21228033e-03,6.84262704e-03,6.63577300e-03,6.58618724e-03,6.68601693e-03,6.92698953e-03,7.29947030e-03
7.83433720e-03,8.42984829e-03,9.11901054e-03,9.88442462e-03,1.07043307e-02,1.15514809e-02,1.23925260e-02,1.31882936e-02,1.38952031e-02,1.44678480e-02,1.48625134e-02,1.50411158e-02,1.49755185e-02,1.46523649e-02,1.40686289e-02,1.32390133e-02,1.21918878e-02,1.09670632e-02,9.61264040e-03,8.18166022e-03,6.72907204e-03,5.30933462e-03,3.97473425e-03,2.77430581e-03,1.75312268e-03,9.51694501e-04,4.05259818e-04,1.42852626e-04,1.86118032e-04,5.47928122e-04,1.23094467e-03,2.22618022e-03,3.51188898e-03,5.05287656e-03,6.80046574e-03,8.69330807e-03,1.06592007e-02,1.26180016e-02,1.44856332e-02,1.61790243e-02,1.76216766e-02,1.87493663e-02,1.95153414e-02,1.98942421e-02,1.98833624e-02,1.95118119e-02,1.88156794e-02,1.78557941e-02,1.67020540e-02,1.54276329e-02,1.41028408e-02,1.27902366e-02,1.15415667e-02,1.03966162e-02,9.38367035e-03,8.52104698e-03,7.81910148e-03,7.28220481e-03,6.91038654e-03,6.70054554e-03,6.64732112e-03,6.74300886e-03,6.97936037e-03,7.34676428e-03
7.87563815e-03,8.46446847e-03,9.14563556e-03,9.90129366e-03,1.07093173e-02,1.15423279e-02,1.23672203e-02,1.31455202e-02,1.38347858e-02,1.43910733e-02,1.47722492e-02,1.49416762e-02,1.48723603e-02,1.45512382e-02,1.39753513e-02,1.31586911e-02,1.21285152e-02,1.09233234e-02,9.58992842e-03,8.18028325e-03,6.74854244e-03,5.34866587e-03,4.03266557e-03,2.84941444e-03,1.84381891e-03,1.05612343e-03,5.21150762e-04,2.67363043e-04,3.15713005e-04,6.78276837e-04,1.35700095e-03,2.34228424e-03,3.61202242e-03,5.13102782e-03,6.85109445e-03,8.71187637e-03,1.06427188e-02,1.25655189e-02,1.43985956e-02,1.60614228e-02,1.74799249e-02,1.85918812e-02,1.93518434e-02,1.97348487e-02,1.97373938e-02,1.93873814e-02,1.87183814e-02,1.77886012e-02,1.66652408e-02,1.54191213e-02,1.41188277e-02,1.28259502e-02,1.15920004e-02,1.04571127e-02,9.45028748e-03,8.59069458e-03,7.88949563e-03,7.35171273e-03,6.97784005e-03,6.76507979e-03,6.70826016e-03,6.79982947e-03,7.03155415e-03,7.39383083e-03
7.91657416e-03,8.49857539e-03,9.17158913e-03,9.91737412e-03,1.07134986e-02,1.15325045e-02,1.23415561e-02,1.31028644e-02,1.37750731e-02,1.43156147e-02,1.46838360e-02,1.48444536e-02,1.47715514e-02,1.44523547e-02,1.38839913e-02,1.30798131e-02,1.20660553e-02,1.08799930e-02,9.56721564e-03,8.17861855e-03,6.76755662e-03,5.38745840e-03,4.09001448e-03,2.92388762e-03,1.93377921e-03,1.15964703e-03,6.35895577e-04,3.90429689e-04,4.43533507e-04,8.06533068e-04,1.48070868e-03,2.45590060e-03,3.70969843e-03,5.20696466e-03,6.89998966e-03,8.72942762e-03,1.06261354e-02,1.25139767e-02,1.43135635e-02,1.59467903e-02,1.73418789e-02,1.84385040e-02,1.91924484e-02,1.95791078e-02,1.95945009e-02,1.92648508e-02,1.86219060e-02,1.77211643e-02,1.66272897e-02,1.54088484e-02,1.41327349e-02,1.28595499e-02,1.16405046e-02,1.05159956e-02,9.51565016e-03,8.65942128e-03,7.95923648e-03,7.42075814e-03,7.04495554e-03,6.82935384e-03,6.76898648e-03,6.85645902e-03,7.08354564e-03,7.44063931e-03
7.95711334e-03,8.53214483e-03,9.19686199e-03,9.93267637e-03,1.07169047e-02,1.15220555e-02,1.23155841e-02,1.30603728e-02,1.37160990e-02,1.42414898e-02,1.45972771e-02,1.47494439e-02,1.46730901e-02,1.43557239e-02,1.37945759e-02,1.30024244e-02,1.20045662e-02,1.08371343e-02,9.54455764e-03,8.17670542e-03,6.78613139e-03,5.42570430e-03,4.14674982e-03,2.99767496e-03,2.02293910e-03,1.26219200e-03,7.49416622e-04,5.11973957e-04,5.69505677e-04,9.32633018e-04,1.60201824e-03,2.56699766e-03,3.80490589e-03,5.28069644e-03,6.94717805e-03,8.74599989e-03,1.06094923e-02,1.24634129e-02,1.42305646e-02,1.58351426e-02,1.72075432e-02,1.82892322e-02,1.90371549e-02,1.94270735e-02,1.94546858e-02,1.91443049e-02,1.85263176e-02,1.76535603e-02,1.65882760e-02,1.53968723e-02,1.41445937e-02,1.28910349e-02,1.16870481e-02,1.05732097e-02,9.57968972e-03,8.72715616e-03,8.02826040e-03,7.48929029e-03,7.11169608e-03,6.89334113e-03,6.82947801e-03,6.91287411e-03,7.13530667e-03,7.48715741e-03
7.99727945e-03,8.56522426e-03,9.22153095e-03,9.94730429e-03,1.07196542e-02,1.15110925e-02,1.22893815e-02,1.30180621e-02,1.36578010e-02,1.41685514e-02,1.45123510e-02,1.46563762e-02,1.45766907e-02,1.42610802e-02,1.37068903e-02,1.29263796e-02,1.19439758e-02,1.07947392e-02,9.52199196e-03,8.17460575e-03,6.80433409e-03,5.46346416e-03,4.20292138e-03,3.07081906e-03,2.11134325e-03,1.36381708e-03,8.61798692e-04,6.32116868e-04,6.93794446e-04,1.05678750e-03,1.72118189e-03,2.67585731e-03,3.89793705e-03,5.35249955e-03,6.99288892e-03,8.76174264e-03,1.05928297e-02,1.24137382e-02,1.41493735e-02,1.57261285e-02,1.70764701e-02,1.81435667e-02,1.88854764e-02,1.92783366e-02,1.93175498e-02,1.90255698e-02,1.84315731e-02,1.75858730e-02,1.65483891e-02,1.53834477e-02,1.41546797e-02,1.29206638e-02,1.17318465e-02,1.06289156e-02,9.64251321e-03,8.79396321e-03,8.09660262e-03,7.55732895e-03,7.17807485e-03,6.95705211e-03,6.88974271e-03,6.96907990e-03,7.18684164e-03,7.53339464e-03
8.03703500e-03,8.59777883e-03,9.24556875e-03,9.96124279e-03,1.07217471e-02,1.14996316e-02,1.22629794e-02,1.29759754e-02,1.36002317e-02,1.40968594e-02,1.44291239e-02,1.45653227e-02,1.44824313e-02,1.41685070e-02,1.36210210e-02,1.28517641e-02,1.18843628e-02,1.07528735e-02,9.49956581e-03,8.17234417e-03,6.82216504e-03,5.50071430e-03,4.25848344e-03,3.14325487e-03,2.19891000e-03,1.46442645e-03,9.72933983e-04,7.50741120e-04,8.16276709e-04,1.17887247e-03,1.83808065e-03,2.78237239e-03,3.98870362e-03,5.42231088e-03,7.03708905e-03,8.77665509e-03,1.05761794e-02,1.23650147e-02,1.40700789e-02,1.56198579e-02,1.69487850e-02,1.80016451e-02,1.87375599e-02,1.91330409e-02,1.91832041e-02,1.89087615e-02,1.83377679e-02,1.75181647e-02,1.65076573e-02,1.53685689e-02,1.41629546e-02,1.29483707e-02,1.17748135e-02,1.06830164e-02,9.70402260e-03,8.85975149e-03,8.16418505e-03,7.62481128e-03,7.24404344e-03,7.02044922e-03,6.94974889e-03,7.02504572e-03,7.23811754e-03,7.57931483e-03
8.07637931e-03,8.62982169e-03,9.26900635e-03,9.97454058e-03,1.07232446e-02,1.14877352e-02,1.22364280e-02,1.29341372e-02,1.35433793e-02,1.40263627e-02,1.43475097e-02,1.44761746e-02,1.43901978e-02,1.40779015e-02,1.35368912e-02,1.27785351e-02,1.18257189e-02,1.07115567e-02,9.47731550e-03,8.16996153e-03,6.83965915e-03,5.53747720e-03,4.31344427e-03,3.21497898e-03,2.28562992e-03,1.56401186e-03,1.08282291e-03,8.67862582e-04,9.36989288e-04,1.29894860e-03,1.95279903e-03,2.88664759e-03,4.07732280e-03,5.49024875e-03,7.07988342e-03,8.79081303e-03,1.05595733e-02,1.23172193e-02,1.39925981e-02,1.55161928e-02,1.68243079e-02,1.78632669e-02,1.85932097e-02,1.89910141e-02,1.90515194e-02,1.87938201e-02,1.82449130e-02,1.74505039e-02,1.64661899e-02,1.53523654e-02,1.41695472e-02,1.29742659e-02,1.18160301e-02,1.07355605e-02,9.76423742e-03,8.92451971e-03,8.23099486e-03,7.69172069e-03,7.30958611e-03,7.08351894e-03,7.00948430e-03,7.08075939e-03,7.28912251e-03,7.62490919e-03
8.11533269e-03,8.66138880e-03,9.29189744e-03,9.98726640e-03,1.07242218e-02,1.14754719e-02,1.22097723e-02,1.28925533e-02,1.34872000e-02,1.39569643e-02,1.42673654e-02,1.43887579e-02,1.42998056e-02,1.39890905e-02,1.34543578e-02,1.27065922e-02,1.17679898e-02,1.06707759e-02,9.45525933e-03,8.16749435e-03,6.85685931e-03,5.57379386e-03,4.36783964e-03,3.28602351e-03,2.37153687e-03,1.66261655e-03,1.19152612e-03,9.83566289e-04,1.05604642e-03,1.41716016e-03,2.06550803e-03,2.98887223e-03,4.16398884e-03,5.55649460e-03,7.12142016e-03,8.80431039e-03,1.05430327e-02,1.22702886e-02,1.39167797e-02,1.54149014e-02,1.67027461e-02,1.77281074e-02,1.84521023e-02,1.88519653e-02,1.89222713e-02,1.86806085e-02,1.81529688e-02,1.73829399e-02,1.64241056e-02,1.53350009e-02,1.41746384e-02,1.29985227e-02,1.18556447e-02,1.07866622e-02,9.82323690e-03,8.98831726e-03,8.29705973e-03,7.75807141e-03,7.37470994e-03,7.14626489e-03,7.06895091e-03,7.13622250e-03,7.33986006e-03,7.67018708e-03
8.15384942e-03,8.69243615e-03,9.31420381e-03,9.99939260e-03,1.07246663e-02,1.14628478e-02,1.21830396e-02,1.28512730e-02,1.34317644e-02,1.38887551e-02,1.41887987e-02,1.43031934e-02,1.42113843e-02,1.39022061e-02,1.33735496e-02,1.26360534e-02,1.17112762e-02,1.06306092e-02,9.43344845e-03,8.16496488e-03,6.87375862e-03,5.60962949e-03,4.42160899e-03,3.35630446e-03,2.45652555e-03,1.76011572e-03,1.29890131e-03,1.09769514e-03,1.17328020e-03,1.53333424e-03,2.17603731e-03,3.08888762e-03,4.24856471e-03,5.62094294e-03,7.16163412e-03,8.81712895e-03,1.05265901e-02,1.22243058e-02,1.38427542e-02,1.53161550e-02,1.65843020e-02,1.75963884e-02,1.83144639e-02,1.87161095e-02,1.87956508e-02,1.85692840e-02,1.80620501e-02,1.73155384e-02,1.63814197e-02,1.53164428e-02,1.41781554e-02,1.30210383e-02,1.18935352e-02,1.08361919e-02,9.88089446e-03,9.05102843e-03,8.36227970e-03,7.82378084e-03,7.43934837e-03,7.20863301e-03,7.12810252e-03,7.19139216e-03,7.39028713e-03,7.71510378e-03
8.19195876e-03,8.72300900e-03,9.33598742e-03,1.00109938e-02,1.07246558e-02,1.14499297e-02,1.21562693e-02,1.28102932e-02,1.33770167e-02,1.38216240e-02,1.41116504e-02,1.42192890e-02,1.41247297e-02,1.38170541e-02,1.32943019e-02,1.25667975e-02,1.16555053e-02,1.05910289e-02,9.41189124e-03,8.16240516e-03,6.89040098e-03,5.64503111e-03,4.47479842e-03,3.42586789e-03,2.54064689e-03,1.85657262e-03,1.40503206e-03,1.21035994e-03,1.28883304e-03,1.64764476e-03,2.28458759e-03,3.18691111e-03,4.33126890e-03,5.68379373e-03,7.20068450e-03,8.82936513e-03,1.05102603e-02,1.21791924e-02,1.37703474e-02,1.52196926e-02,1.64686490e-02,1.74677472e-02,1.81799313e-02,1.85831194e-02,1.86714032e-02,1.84596829e-02,1.79720961e-02,1.72483365e-02,1.63382489e-02,1.52968617e-02,1.41802937e-02,1.30420066e-02,1.19298744e-02,1.08842893e-02,9.93731323e-03,9.11272316e-03,8.42669859e-03,7.88887470e-03,7.50351593e-03,7.27063171e-03,7.18694479e-03,7.24627413e-03,7.44041291e-03,7.75967616e-03
8.22967272e-03,8.75312951e-03,9.35728119e-03,1.00221116e-02,1.07242355e-02,1.14367584e-02,1.21294885e-02,1.27696185e-02,1.33229330e-02,1.37555167e-02,1.40358398e-02,1.41369457e-02,1.40397368e-02,1.37335356e-02,1.32165331e-02,1.24987668e-02,1.16006460e-02,1.05520281e-02,9.39059885e-03,8.15983702e-03,6.90681169e-03,5.68002237e-03,4.52742767e-03,3.49473033e-03,2.62391741e-03,1.95200846e-03,1.50994950e-03,1.32160637e-03,1.40276838e-03,1.76017371e-03,2.39125752e-03,3.28305293e-03,4.41221514e-03,5.74515352e-03,7.23865843e-03,8.84107422e-03,1.04940562e-02,1.21349115e-02,1.36994711e-02,1.51253798e-02,1.63556169e-02,1.73419948e-02,1.80483160e-02,1.84528268e-02,1.85494005e-02,1.83517272e-02,1.78830851e-02,1.71813649e-02,1.62946655e-02,1.52763563e-02,1.41811623e-02,1.30615322e-02,1.19647514e-02,1.09310226e-02,9.99253961e-03,9.17342873e-03,8.49032931e-03,7.95335655e-03,7.56721105e-03,7.33225709e-03,7.24547331e-03,7.30086490e-03,7.49023652e-03,7.80390841e-03
8.26693627e-03,8.78274474e-03,9.37803819e-03,1.00327102e-02,1.07233864e-02,1.14233369e-02,1.21027266e-02,1.27293075e-02,1.32696018e-02,1.36905504e-02,1.39615082e-02,1.40563236e-02,1.39565761e-02,1.36518227e-02,1.31404075e-02,1.24321092e-02,1.15468215e-02,1.05136995e-02,9.36963015e-03,8.15728398e-03,6.92297940e-03,5.71455875e-03,4.57942132e-03,3.56278783e-03,2.70620671e-03,2.04626836e-03,1.61347655e-03,1.43123843e-03,1.51487621e-03,1.87070411e-03,2.49583234e-03,3.37711170e-03,4.49122780e-03,5.80488497e-03,7.27546842e-03,8.85222787e-03,1.04780144e-02,1.20915662e-02,1.36302913e-02,1.50334367e-02,1.62454678e-02,1.72194178e-02,1.79199099e-02,1.83255092e-02,1.84298880e-02,1.82456154e-02,1.77951570e-02,1.71146994e-02,1.62506814e-02,1.52548802e-02,1.41806664e-02,1.30794850e-02,1.19980154e-02,1.09762335e-02,1.00464195e-02,9.23300376e-03,8.55304821e-03,8.01712204e-03,7.63034728e-03,7.39343719e-03,7.30362605e-03,7.35510783e-03,7.53970312e-03,7.84774555e-03
8.30380621e-03,8.81192664e-03,9.39834334e-03,1.00428803e-02,1.07221927e-02,1.14097271e-02,1.20760059e-02,1.26893274e-02,1.32169257e-02,1.36265619e-02,1.38884351e-02,1.39771615e-02,1.38749696e-02,1.35716452e-02,1.30656860e-02,1.23666337e-02,1.14938985e-02,1.04759681e-02,9.34896162e-03,8.15476348e-03,6.93895105e-03,5.74870728e-03,4.63086113e-03,3.63013618e-03,2.78762813e-03,2.13948939e-03,1.71578085e-03,1.53945966e-03,1.62539794e-03,1.97951170e-03,2.59861284e-03,3.46939759e-03,4.56860505e-03,5.86324875e-03,7.31131042e-03,8.86293159e-03,1.04621293e-02,1.20490282e-02,1.35625570e-02,1.49435029e-02,1.61377575e-02,1.70995255e-02,1.77942193e-02,1.82007153e-02,1.83124994e-02,1.81410911e-02,1.77081826e-02,1.70483366e-02,1.62064025e-02,1.52326214e-02,1.41790437e-02,1.30961204e-02,1.20299122e-02,1.10201396e-02,1.00991322e-02,9.29158755e-03,8.61495829e-03,8.08024485e-03,7.69297687e-03,7.45421026e-03,7.36143395e-03,7.40903248e-03,7.58884654e-03,7.89123087e-03
8.34027190e-03,8.84067048e-03,9.41819882e-03,1.00526314e-02,1.07206700e-02,1.13959488e-02,1.20493475e-02,1.26496982e-02,1.31649210e-02,1.35635624e-02,1.38166275e-02,1.38994640e-02,1.37949221e-02,1.34930105e-02,1.29923808e-02,1.23023582e-02,1.14418992e-02,1.04388576e-02,9.32861526e-03,8.15229203e-03,6.95473449e-03,5.78246515e-03,4.68173310e-03,3.69675109e-03,2.86814911e-03,2.23163360e-03,1.81682232e-03,1.64623119e-03,1.73429906e-03,2.08656888e-03,2.69958017e-03,3.55990137e-03,4.64434703e-03,5.92025302e-03,7.34619829e-03,8.87320205e-03,1.04464174e-02,1.20073110e-02,1.34962770e-02,1.48555824e-02,1.60324863e-02,1.69823169e-02,1.76712452e-02,1.80784514e-02,1.81972498e-02,1.80381784e-02,1.76221940e-02,1.69823135e-02,1.61618664e-02,1.52096130e-02,1.41763181e-02,1.31114502e-02,1.20604402e-02,1.10627271e-02,1.01506545e-02,9.34915053e-03,8.67602731e-03,8.14269291e-03,7.75506977e-03,7.51454914e-03,7.41887274e-03,7.46261739e-03,7.63764811e-03,7.93434916e-03
8.37630531e-03,8.86895412e-03,9.43759028e-03,1.00619585e-02,1.07188243e-02,1.13820191e-02,1.20227792e-02,1.26104567e-02,1.31136328e-02,1.35016041e-02,1.37461432e-02,1.38232935e-02,1.37164999e-02,1.34159876e-02,1.29205614e-02,1.22393498e-02,1.13908849e-02,1.04024197e-02,9.30862902e-03,8.14989058e-03,6.97033141e-03,5.81581380e-03,4.73199866e-03,3.76257542e-03,2.94769628e-03,2.32261438e-03,1.91650467e-03,1.75145104e-03,1.84147627e-03,2.19177561e-03,2.79864228e-03,3.64854355e-03,4.71839094e-03,5.97585499e-03,7.38011153e-03,8.88304199e-03,1.04309044e-02,1.19664619e-02,1.34315178e-02,1.47697575e-02,1.59297488e-02,1.68678947e-02,1.75510939e-02,1.79588231e-02,1.80842399e-02,1.79369678e-02,1.75372672e-02,1.69166873e-02,1.61171078e-02,1.51858655e-02,1.41724763e-02,1.31254389e-02,1.20895463e-02,1.11039302e-02,1.02009136e-02,9.40561874e-03,8.73618448e-03,8.20440153e-03,7.81656861e-03,7.57440357e-03,7.47589819e-03,7.51582293e-03,7.68607189e-03,7.97706804e-03
8.41195167e-03,8.89683240e-03,9.45657980e-03,1.00709254e-02,1.07167121e-02,1.13679762e-02,1.19963096e-02,1.25715727e-02,1.30629853e-02,1.34405655e-02,1.36768209e-02,1.37484606e-02,1.36395009e-02,1.33403784e-02,1.28500501e-02,1.21774634e-02,1.13407503e-02,1.03665903e-02,9.28897713e-03,8.14756530e-03,6.98577266e-03,5.84880249e-03,4.78172167e-03,3.82768665e-03,3.02636255e-03,2.41254366e-03,2.01496285e-03,1.85528006e-03,1.94711678e-03,2.29534212e-03,2.89602496e-03,3.73555361e-03,4.79095427e-03,6.03024186e-03,7.41318789e-03,8.89252210e-03,1.04155801e-02,1.19263824e-02,1.33680931e-02,1.46857640e-02,1.58292213e-02,1.67559018e-02,1.74334058e-02,1.78414997e-02,1.79731979e-02,1.78372648e-02,1.74532971e-02,1.68514428e-02,1.60721917e-02,1.51615060e-02,1.41676852e-02,1.31382711e-02,1.21174129e-02,1.11439146e-02,1.02500500e-02,9.46110432e-03,8.79551505e-03,8.26543314e-03,7.87751851e-03,7.63380701e-03,7.53253754e-03,7.56867512e-03,7.73414705e-03,8.01942350e-03
8.44718968e-03,8.92428940e-03,9.47515802e-03,1.00795302e-02,1.07143398e-02,1.13538350e-02,1.19699612e-02,1.25330752e-02,1.30130135e-02,1.33804861e-02,1.36087039e-02,1.36750117e-02,1.35639744e-02,1.32662340e-02,1.27808984e-02,1.21167493e-02,1.12915415e-02,1.03314087e-02,9.26968866e-03,8.14533250e-03,7.00105987e-03,5.88141718e-03,4.83087244e-03,3.89204052e-03,3.10409096e-03,2.50135431e-03,2.11212256e-03,1.95764015e-03,2.05114231e-03,2.39719353e-03,2.99166029e-03,3.82087389e-03,4.86199240e-03,6.08338415e-03,7.44541434e-03,8.90164610e-03,1.04004646e-02,1.18871076e-02,1.33060511e-02,1.46036610e-02,1.57309715e-02,1.66464117e-02,1.73182571e-02,1.77265579e-02,1.78641977e-02,1.77391369e-02,1.73703419e-02,1.67866255e-02,1.60271480e-02,1.51365473e-02,1.41619398e-02,1.31499250e-02,1.21440036e-02,1.11826333e-02,1.02980101e-02,9.51555121e-03,8.85396387e-03,8.32573608e-03,7.93787255e-03,7.69271765e-03,7.58875371e-03,7.62114095e-03,7.78184421e-03,8.06138990e-03
8.48201683e-03,8.95132941e-03,9.49333607e-03,1.00877900e-02,1.07117282e-02,1.13396168e-02,1.19437526e-02,1.24949765e-02,1.29637210e-02,1.33213605e-02,1.35417784e-02,1.36029275e-02,1.34898993e-02,1.31935356e-02,1.27130934e-02,1.20572022e-02,1.12432614e-02,1.02968842e-02,9.25077652e-03,8.14320507e-03,7.01620247e-03,5.91366143e-03,4.87944753e-03,3.95562705e-03,3.18086682e-03,2.58902972e-03,2.20796860e-03,2.05852076e-03,2.15354968e-03,2.49733568e-03,3.08556353e-03,3.90452803e-03,4.93153485e-03,6.13531356e-03,7.47682023e-03,8.91043631e-03,1.03855690e-02,1.18486342e-02,1.32453736e-02,1.45234162e-02,1.56349565e-02,1.65393761e-02,1.72056013e-02,1.76139593e-02,1.77572156e-02,1.76425778e-02,1.72884138e-02,1.67222637e-02,1.59820167e-02,1.51110346e-02,1.41552843e-02,1.31604380e-02,1.21693454e-02,1.12201007e-02,1.03447960e-02,9.56895130e-03,8.91151539e-03,8.38529024e-03,7.99760870e-03,7.75111358e-03,7.64452641e-03,7.67320297e-03,7.82914977e-03,8.10295869e-03
8.51646606e-03,8.97799139e-03,9.51115690e-03,1.00957477e-02,1.07089140e-02,1.13253451e-02,1.19176864e-02,1.24572528e-02,1.29150536e-02,1.32631036e-02,1.34759330e-02,1.35320774e-02,1.34171363e-02,1.31221461e-02,1.26465107e-02,1.19987189e-02,1.11958333e-02,1.02629680e-02,9.23221854e-03,8.14118384e-03,7.03121993e-03,5.94556927e-03,4.92749299e-03,4.01850347e-03,3.25675937e-03,2.67565318e-03,2.30260054e-03,2.15803926e-03,2.25447390e-03,2.59591849e-03,3.17789400e-03,3.98667632e-03,4.99973201e-03,6.18615808e-03,7.50749829e-03,8.91893850e-03,1.03708830e-02,1.18108917e-02,1.31859301e-02,1.44448462e-02,1.55409524e-02,1.64345488e-02,1.70951898e-02,1.75034746e-02,1.76520614e-02,1.75474490e-02,1.72074348e-02,1.66583411e-02,1.59368369e-02,1.50850511e-02,1.41478316e-02,1.31699373e-02,1.21935663e-02,1.12564350e-02,1.03905099e-02,9.62138745e-03,8.96823347e-03,8.44414292e-03,8.05676137e-03,7.80902038e-03,7.69987648e-03,7.72488098e-03,7.87608576e-03,8.14415662e-03
8.55050553e-03,9.00424939e-03,9.52860196e-03,1.01033937e-02,1.07058985e-02,1.13110333e-02,1.18917894e-02,1.24199436e-02,1.28670637e-02,1.32057799e-02,1.34112420e-02,1.34625434e-02,1.33457721e-02,1.30521535e-02,1.25812358e-02,1.19413785e-02,1.11493259e-02,1.02297149e-02,9.21405236e-03,8.13928698e-03,7.04610955e-03,5.97711679e-03,4.97496413e-03,4.08060561e-03,3.33168704e-03,2.76112836e-03,2.39591054e-03,2.25608009e-03,2.35379608e-03,2.69282454e-03,3.26854102e-03,4.06722019e-03,5.06650265e-03,6.23585855e-03,7.53741530e-03,8.92714805e-03,1.03564319e-02,1.17739345e-02,1.31278021e-02,1.43680556e-02,1.54490820e-02,1.63320635e-02,1.69871607e-02,1.73952384e-02,1.75488591e-02,1.74538573e-02,1.71274893e-02,1.65949154e-02,1.58916379e-02,1.50585981e-02,1.41395565e-02,1.31783758e-02,1.22166020e-02,1.12915608e-02,1.04350705e-02,9.67277787e-03,9.02403972e-03,8.50222166e-03,8.11526519e-03,7.86637991e-03,7.75475232e-03,7.77612899e-03,7.92261093e-03,8.18494699e-03
8.58415660e-03,9.03013024e-03,9.54570200e-03,1.01107597e-02,1.07027098e-02,1.12967007e-02,1.18660663e-02,1.23830354e-02,1.28197163e-02,1.31493326e-02,1.33476297e-02,1.33942361e-02,1.32757112e-02,1.29834637e-02,1.25171839e-02,1.18851114e-02,1.11036880e-02,1.01970933e-02,9.19626450e-03,8.13751640e-03,7.06088521e-03,6.00832676e-03,5.02189072e-03,4.14196974e-03,3.40569343e-03,2.84550795e-03,2.48796244e-03,2.35271979e-03,2.45160582e-03,2.78815494e-03,3.35761353e-03,4.14627056e-03,5.13195196e-03,6.28450543e-03,7.56663767e-03,8.93509876e-03,1.03422102e-02,1.17377145e-02,1.30708991e-02,1.42929167e-02,1.53591889e-02,1.62317483e-02,1.68813409e-02,1.72890919e-02,1.74474779e-02,1.73617095e-02,1.70485274e-02,1.65319805e-02,1.58464527e-02,1.50317389e-02,1.41305427e-02,1.31858458e-02,1.22385438e-02,1.13255607e-02,1.04785473e-02,9.72317703e-03,9.07897399e-03,8.55955381e-03,8.17313802e-03,7.92320383e-03,7.80916267e-03,7.82695580e-03,7.96873657e-03,8.22534560e-03
8.61743990e-03,9.05565857e-03,9.56248422e-03,1.01178728e-02,1.06993711e-02,1.12823619e-02,1.18405190e-02,1.23465129e-02,1.27729772e-02,1.30937088e-02,1.32850268e-02,1.33270746e-02,1.32068669e-02,1.29159913e-02,1.24542770e-02,1.18298523e-02,1.10588706e-02,1.01650714e-02,9.17883990e-03,8.13587158e-03,7.07555832e-03,6.03922012e-03,5.06830154e-03,4.20263195e-03,3.47882237e-03,2.92884477e-03,2.57881939e-03,2.44803275e-03,2.54798859e-03,2.88200446e-03,3.44521207e-03,4.22392841e-03,5.19617444e-03,6.33217891e-03,7.59522320e-03,8.94281876e-03,1.03282110e-02,1.17021867e-02,1.30151389e-02,1.42193139e-02,1.52711326e-02,1.61334485e-02,1.67775743e-02,1.71848911e-02,1.73477984e-02,1.72709180e-02,1.69704996e-02,1.64695256e-02,1.58013057e-02,1.50045263e-02,1.41208619e-02,1.31924286e-02,1.22594739e-02,1.13585110e-02,1.05210059e-02,9.77263797e-03,9.13307674e-03,8.61616873e-03,8.23040054e-03,7.97950693e-03,7.86311924e-03,7.87737265e-03,8.01447565e-03,8.26536882e-03
8.65031347e-03,9.08079963e-03,9.57892285e-03,1.01247184e-02,1.06958814e-02,1.12680319e-02,1.18151798e-02,1.23104273e-02,1.27269161e-02,1.30389951e-02,1.32235347e-02,1.32611709e-02,1.31393576e-02,1.28498557e-02,1.23926301e-02,1.17757062e-02,1.10149634e-02,1.01337192e-02,9.16182527e-03,8.13437362e-03,7.09012314e-03,6.06976412e-03,5.11413767e-03,4.26250873e-03,3.55096824e-03,3.01101410e-03,2.66834138e-03,2.54186823e-03,2.64278830e-03,2.97421777e-03,3.53118886e-03,4.30006065e-03,5.25905889e-03,6.37879635e-03,7.62312359e-03,8.95029828e-03,1.03144651e-02,1.16674226e-02,1.29606310e-02,1.41473896e-02,1.51850806e-02,1.60373474e-02,1.66760497e-02,1.70828189e-02,1.72499873e-02,1.71816248e-02,1.68935155e-02,1.64076230e-02,1.57562303e-02,1.49769560e-02,1.41104761e-02,1.31980584e-02,1.22793057e-02,1.13903117e-02,1.05623405e-02,9.82105479e-03,9.18624667e-03,8.67197271e-03,8.28696796e-03,8.03521350e-03,7.91655467e-03,7.92731945e-03,8.05977421e-03,8.30496857e-03
8.68282086e-03,9.10559939e-03,9.59506357e-03,1.01313374e-02,1.06922708e-02,1.12537232e-02,1.17900375e-02,1.22747382e-02,1.26814610e-02,1.29850887e-02,1.31630232e-02,1.31963753e-02,1.30730239e-02,1.27848980e-02,1.23320957e-02,1.17225458e-02,1.09718658e-02,1.01029664e-02,9.14518109e-03,8.13301234e-03,7.10459602e-03,6.09999867e-03,5.15946014e-03,4.32168085e-03,3.62223106e-03,3.09213549e-03,2.75666765e-03,2.63438438e-03,2.73617958e-03,3.06498113e-03,3.61573439e-03,4.37485215e-03,5.32077266e-03,6.42449472e-03,7.65043269e-03,8.95757705e-03,1.03009504e-02,1.16333344e-02,1.29072238e-02,1.40769365e-02,1.51007832e-02,1.59431707e-02,1.65764890e-02,1.69826151e-02,1.71538219e-02,1.70936588e-02,1.68174663e-02,1.63462291e-02,1.57112441e-02,1.49490976e-02,1.40994939e-02,1.32028679e-02,1.22981817e-02,1.14211032e-02,1.06026802e-02,9.86854004e-03,9.23857773e-03,8.72704171e-03,8.34290092e-03,8.09037252e-03,7.96951051e-03,7.97683431e-03,8.10467024e-03,8.34418517e-03
8.71496526e-03,9.13006479e-03,9.61091650e-03,1.01377419e-02,1.06885517e-02,1.12394467e-02,1.17650992e-02,1.22394472e-02,1.26366066e-02,1.29319772e-02,1.31034742e-02,1.31326651e-02,1.30078411e-02,1.27210944e-02,1.22726528e-02,1.16703549e-02,1.09295672e-02,1.00728079e-02,9.12890701e-03,8.13179057e-03,7.11898148e-03,6.12992864e-03,5.20427344e-03,4.38015241e-03,3.69261525e-03,3.17221483e-03,2.84380695e-03,2.72559415e-03,2.82818044e-03,3.15431774e-03,3.69887634e-03,4.44833340e-03,5.38134664e-03,6.46930224e-03,7.67717275e-03,8.96466815e-03,1.02876681e-02,1.15999104e-02,1.28548925e-02,1.40079178e-02,1.50181946e-02,1.58508681e-02,1.64788422e-02,1.68842352e-02,1.70592679e-02,1.70069985e-02,1.67423453e-02,1.62853513e-02,1.56663668e-02,1.49209796e-02,1.40879480e-02,1.32068902e-02,1.23161319e-02,1.14509098e-02,1.06420422e-02,9.91510365e-03,9.29007331e-03,8.78137395e-03,8.39819409e-03,8.14497688e-03,8.02197941e-03,8.02591112e-03,8.14915991e-03,8.38301805e-03
8.74671162e-03,9.15416838e-03,9.62646300e-03,1.01439235e-02,1.06847274e-02,1.12252185e-02,1.17403948e-02,1.22045983e-02,1.25924110e-02,1.28797313e-02,1.30449689e-02,1.30701294e-02,1.29439029e-02,1.26585393e-02,1.22143927e-02,1.16192174e-02,1.08881401e-02,1.00433007e-02,9.11304167e-03,8.13072622e-03,7.13327523e-03,6.15952713e-03,5.24852854e-03,4.43785361e-03,3.76203244e-03,3.25114814e-03,2.92964333e-03,2.81537384e-03,2.91866425e-03,3.24210323e-03,3.78049811e-03,4.52040108e-03,5.44069605e-03,6.51315738e-03,7.70330935e-03,8.97156695e-03,1.02746446e-02,1.15672073e-02,1.28037219e-02,1.39404426e-02,1.49374430e-02,1.57605797e-02,1.63832541e-02,1.67878207e-02,1.69664562e-02,1.69217576e-02,1.66682433e-02,1.62250536e-02,1.56216333e-02,1.48926079e-02,1.40758178e-02,1.32100814e-02,1.23330939e-02,1.14796558e-02,1.06803431e-02,9.96065951e-03,9.34064849e-03,8.83488866e-03,8.45277264e-03,8.19895852e-03,8.07390034e-03,8.07449534e-03,8.19319499e-03,8.42142536e-03
8.77810768e-03,9.17795749e-03,9.64174727e-03,1.01499189e-02,1.06808218e-02,1.12110436e-02,1.17159048e-02,1.21701434e-02,1.25487950e-02,1.28282422e-02,1.29873728e-02,1.30086147e-02,1.28810460e-02,1.25970694e-02,1.21571622e-02,1.15689988e-02,1.08474756e-02,1.00143662e-02,9.09753798e-03,8.12980361e-03,7.14749139e-03,6.18883579e-03,5.29229250e-03,4.49487524e-03,3.83059602e-03,3.32907052e-03,3.01433243e-03,2.90389744e-03,3.00781965e-03,3.32853501e-03,3.86079777e-03,4.59124384e-03,5.49898845e-03,6.55619434e-03,7.72893151e-03,8.97830728e-03,1.02618517e-02,1.15351323e-02,1.27535571e-02,1.38743017e-02,1.48582774e-02,1.56720304e-02,1.62894449e-02,1.66931075e-02,1.68751574e-02,1.68377554e-02,1.65950389e-02,1.61652777e-02,1.55770464e-02,1.48640386e-02,1.40632011e-02,1.32125677e-02,1.23492087e-02,1.15074850e-02,1.07177198e-02,1.00053313e-02,9.39041053e-03,8.88767616e-03,8.50671165e-03,8.25238062e-03,8.12533103e-03,8.12262735e-03,8.23682628e-03,8.45945460e-03
8.80914054e-03,9.20142391e-03,9.65676615e-03,1.01557302e-02,1.06768418e-02,1.11969335e-02,1.16916446e-02,1.21361013e-02,1.25057805e-02,1.27775338e-02,1.29307113e-02,1.29481479e-02,1.28192982e-02,1.25367130e-02,1.21009893e-02,1.15197261e-02,1.08075981e-02,9.98602462e-03,9.08241082e-03,8.12903063e-03,7.16162962e-03,6.21784539e-03,5.33554707e-03,4.55119062e-03,3.89827205e-03,3.40594244e-03,3.09783116e-03,2.99112065e-03,3.09560335e-03,3.41357295e-03,3.93974028e-03,4.66083317e-03,5.55620293e-03,6.59840036e-03,7.75403475e-03,8.98489267e-03,1.02493003e-02,1.15037029e-02,1.27044212e-02,1.38095230e-02,1.47807298e-02,1.55852550e-02,1.61974514e-02,1.66001337e-02,1.67854096e-02,1.67550283e-02,1.65227661e-02,1.61060529e-02,1.55326291e-02,1.48352871e-02,1.40501046e-02,1.32143467e-02,1.23644651e-02,1.15343784e-02,1.07541469e-02,1.00490889e-02,9.43932651e-03,8.93970256e-03,8.55997796e-03,8.30521265e-03,8.17624277e-03,8.17027657e-03,8.28003270e-03,8.49708929e-03
8.83979811e-03,9.22456073e-03,9.67151814e-03,1.01613611e-02,1.06727959e-02,1.11829009e-02,1.16676305e-02,1.21024906e-02,1.24633877e-02,1.27276277e-02,1.28750071e-02,1.28887519e-02,1.27586832e-02,1.24774941e-02,1.20458980e-02,1.14714226e-02,1.07685295e-02,9.95829468e-03,9.06767406e-03,8.12841482e-03,7.17568988e-03,6.24654744e-03,5.37827516e-03,4.60677456e-03,3.96502844e-03,3.48172674e-03,3.18009947e-03,3.07700282e-03,3.18197650e-03,3.49718204e-03,4.01729612e-03,4.72914624e-03,5.61232394e-03,6.63976727e-03,7.77861792e-03,8.99132828e-03,1.02370009e-02,1.14729341e-02,1.26563328e-02,1.37461279e-02,1.47048239e-02,1.55002795e-02,1.61073019e-02,1.65089293e-02,1.66972442e-02,1.66736086e-02,1.64514567e-02,1.60474089e-02,1.54884068e-02,1.48063730e-02,1.40365403e-02,1.32154219e-02,1.23788576e-02,1.15603219e-02,1.07896030e-02,1.00919050e-02,9.48736530e-03,8.99093477e-03,8.61253835e-03,8.35742193e-03,8.22660118e-03,8.21742420e-03,8.32278799e-03,8.53431161e-03
8.87011573e-03,9.24740236e-03,9.68603450e-03,1.01668366e-02,1.06686993e-02,1.11689469e-02,1.16438456e-02,1.20692742e-02,1.24215579e-02,1.26784440e-02,1.28201622e-02,1.28303153e-02,1.26990823e-02,1.24192939e-02,1.19917763e-02,1.14239895e-02,1.07301887e-02,9.93111688e-03,9.05329129e-03,8.12794301e-03,7.18968140e-03,6.27497226e-03,5.42052673e-03,4.66169543e-03,4.03095092e-03,3.55652546e-03,3.26125445e-03,3.16167410e-03,3.26707917e-03,3.57950770e-03,4.09361006e-03,4.79631981e-03,5.66747194e-03,6.68039057e-03,7.80274336e-03,8.99763647e-03,1.02249315e-02,1.14427575e-02,1.26091794e-02,1.36839652e-02,1.46303793e-02,1.54169060e-02,1.60187946e-02,1.64193033e-02,1.66104944e-02,1.65933632e-02,1.63810196e-02,1.59892993e-02,1.54443770e-02,1.47773322e-02,1.40225754e-02,1.32158822e-02,1.23924874e-02,1.15854202e-02,1.08241892e-02,1.01338724e-02,9.53460829e-03,9.04144227e-03,8.66445104e-03,8.40905673e-03,8.27644774e-03,8.26411179e-03,8.36512771e-03,8.57115655e-03
8.90007002e-03,9.26993190e-03,9.70030524e-03,1.01721542e-02,1.06645573e-02,1.11550852e-02,1.16203123e-02,1.20364826e-02,1.23803292e-02,1.26300280e-02,1.27662274e-02,1.27728931e-02,1.26405531e-02,1.23621702e-02,1.19386803e-02,1.13774782e-02,1.06926205e-02,9.90452670e-03,9.03928665e-03,8.12762633e-03,7.20360118e-03,6.30310221e-03,5.46226972e-03,4.71590762e-03,4.09598194e-03,3.63027133e-03,3.34122173e-03,3.24505611e-03,3.35083226e-03,3.66047354e-03,4.16861182e-03,4.86229287e-03,5.72159807e-03,6.72023594e-03,7.82639307e-03,9.00381660e-03,1.02131089e-02,1.14132072e-02,1.25630105e-02,1.36230982e-02,1.45574696e-02,1.53352152e-02,1.59320136e-02,1.63313389e-02,1.65252386e-02,1.65143621e-02,1.63115137e-02,1.59317687e-02,1.54005682e-02,1.47481769e-02,1.40082057e-02,1.32157085e-02,1.24053227e-02,1.16096312e-02,1.08578561e-02,1.01749372e-02,9.58100021e-03,9.09117035e-03,8.71566345e-03,8.46006768e-03,8.32573761e-03,8.31030050e-03,8.40701714e-03,8.60759460e-03
8.92966961e-03,9.29216019e-03,9.71434252e-03,1.01773260e-02,1.06603802e-02,1.11413221e-02,1.15970309e-02,1.20041088e-02,1.23396867e-02,1.25823565e-02,1.27131726e-02,1.27164497e-02,1.25830572e-02,1.23060848e-02,1.18865741e-02,1.13318581e-02,1.06558006e-02,9.87850716e-03,9.02565053e-03,8.12746203e-03,7.21745245e-03,6.33094568e-03,5.50351701e-03,4.76942827e-03,4.16014297e-03,3.70299045e-03,3.42003248e-03,3.32718517e-03,3.43327701e-03,3.74012465e-03,4.24234853e-03,4.92711208e-03,5.77474530e-03,6.75933914e-03,7.84959207e-03,9.00987986e-03,1.02015282e-02,1.13842611e-02,1.25177875e-02,1.35634733e-02,1.44860303e-02,1.52551365e-02,1.58468877e-02,1.62449702e-02,1.64414215e-02,1.64365642e-02,1.62429153e-02,1.58748110e-02,1.53569909e-02,1.47189311e-02,1.39934651e-02,1.32149402e-02,1.24174038e-02,1.16329931e-02,1.08906370e-02,1.02151266e-02,9.62656126e-03,9.14013293e-03,8.76618427e-03,8.51045986e-03,8.37447447e-03,8.35599418e-03,8.44846086e-03,8.64363200e-03
8.95893814e-03,9.31411004e-03,9.72816690e-03,1.01823682e-02,1.06561773e-02,1.11276575e-02,1.15739897e-02,1.19721274e-02,1.22995906e-02,1.25353761e-02,1.26609322e-02,1.26609113e-02,1.25265153e-02,1.22509580e-02,1.18353825e-02,1.12870622e-02,1.06196741e-02,9.85301744e-03,9.01235751e-03,8.12744038e-03,7.23124084e-03,6.35852284e-03,5.54430244e-03,4.82230399e-03,4.22349262e-03,3.77475264e-03,3.49776667e-03,3.40814996e-03,3.51450848e-03,3.81855936e-03,4.31491769e-03,4.99086913e-03,5.82699400e-03,6.79776350e-03,7.87238131e-03,9.01584037e-03,1.01901738e-02,1.13558729e-02,1.24734347e-02,1.35049895e-02,1.44159408e-02,1.51765376e-02,1.57632822e-02,1.61600692e-02,1.63589292e-02,1.63598829e-02,1.61751609e-02,1.58183938e-02,1.53136419e-02,1.46896178e-02,1.39783976e-02,1.32136362e-02,1.24287986e-02,1.16555765e-02,1.09226005e-02,1.02545036e-02,9.67134719e-03,9.18837765e-03,8.81605351e-03,8.56026702e-03,8.42268766e-03,8.40121931e-03,8.48948369e-03,8.67929279e-03
8.98784266e-03,9.33575671e-03,9.74176274e-03,1.01872753e-02,1.06519541e-02,1.11141086e-02,1.15512178e-02,1.19405802e-02,1.22600944e-02,1.24891499e-02,1.26095719e-02,1.26063748e-02,1.24710035e-02,1.21968724e-02,1.17851858e-02,1.12431641e-02,1.05843039e-02,9.82810678e-03,8.99944042e-03,8.12757578e-03,7.24496104e-03,6.38580830e-03,5.58458096e-03,4.87447136e-03,4.28595113e-03,3.84546461e-03,3.57432087e-03,3.48784082e-03,3.59441521e-03,3.89566897e-03,4.38621812e-03,5.05347506e-03,5.87827175e-03,6.83545696e-03,7.89473209e-03,9.02169482e-03,1.01790686e-02,1.13280911e-02,1.24300244e-02,1.34477395e-02,1.43473099e-02,1.50995379e-02,1.56813204e-02,1.60767546e-02,1.62778574e-02,1.62844628e-02,1.61083137e-02,1.57625739e-02,1.52705571e-02,1.46602491e-02,1.39629924e-02,1.32117654e-02,1.24394588e-02,1.16773201e-02,1.09536766e-02,1.02929933e-02,9.71528162e-03,9.23582955e-03,8.86519970e-03,8.60942268e-03,8.47031666e-03,8.44592183e-03,8.53003822e-03,8.71453649e-03
9.01641192e-03,9.35712688e-03,9.75515315e-03,1.01920644e-02,1.06477192e-02,1.11006729e-02,1.15286992e-02,1.19094351e-02,1.22211494e-02,1.24436125e-02,1.25590165e-02,1.25527518e-02,1.24164325e-02,1.21437332e-02,1.17358947e-02,1.12000845e-02,1.05496242e-02,9.80372584e-03,8.98686799e-03,8.12785573e-03,7.25861918e-03,6.41282610e-03,5.62439360e-03,4.92598733e-03,4.34759028e-03,3.91521166e-03,3.64979232e-03,3.56636477e-03,3.67311099e-03,3.97157012e-03,4.45636440e-03,5.11503658e-03,5.92867116e-03,6.87249163e-03,7.91669016e-03,9.02745782e-03,1.01681931e-02,1.13008611e-02,1.23874685e-02,1.33916062e-02,1.42799983e-02,1.50239845e-02,1.56008453e-02,1.59948755e-02,1.61980885e-02,1.62101817e-02,1.60423091e-02,1.57073062e-02,1.52277265e-02,1.46308466e-02,1.39472964e-02,1.32093933e-02,1.24494614e-02,1.16983058e-02,1.09839462e-02,1.03306717e-02,9.75843299e-03,9.28254839e-03,8.91367417e-03,8.65797089e-03,8.51739996e-03,8.49013616e-03,8.57015633e-03,8.74939332e-03
9.04465865e-03,9.37823320e-03,9.76834991e-03,1.01967454e-02,1.06434789e-02,1.10873512e-02,1.15064279e-02,1.18786785e-02,1.21827334e-02,1.23987348e-02,1.25092340e-02,1.24999898e-02,1.23627629e-02,1.20914965e-02,1.16874665e-02,1.11577853e-02,1.05156039e-02,9.77985129e-03,8.97462559e-03,8.12827441e-03,7.27221803e-03,6.43958718e-03,5.66375893e-03,4.97687764e-03,4.40844257e-03,3.98403267e-03,3.72422579e-03,3.64377166e-03,3.75064954e-03,4.04631862e-03,4.52541207e-03,5.17560616e-03,5.97823836e-03,6.90890401e-03,7.93827921e-03,9.03313766e-03,1.01575382e-02,1.12741562e-02,1.23457236e-02,1.33365313e-02,1.42139364e-02,1.49498009e-02,1.55217792e-02,1.59143616e-02,1.61195683e-02,1.61369683e-02,1.59771208e-02,1.56525757e-02,1.51851495e-02,1.46014247e-02,1.39313368e-02,1.32065554e-02,1.24588467e-02,1.17185749e-02,1.10134489e-02,1.03675747e-02,9.80083229e-03,9.32856003e-03,8.96149805e-03,8.70592900e-03,8.56395228e-03,8.53387542e-03,8.60985052e-03,8.78387579e-03
9.07254080e-03,9.39904395e-03,9.78133272e-03,1.02013105e-02,1.06392393e-02,1.10741649e-02,1.14844407e-02,1.18483630e-02,1.21449145e-02,1.23545995e-02,1.24603189e-02,1.24481869e-02,1.23101023e-02,1.20402701e-02,1.16400033e-02,1.11163592e-02,1.04823220e-02,9.75654478e-03,8.96275395e-03,8.12884923e-03,7.28575025e-03,6.46605901e-03,5.70261986e-03,5.02706227e-03,4.46840761e-03,4.05181029e-03,3.79749113e-03,3.71992340e-03,3.82689026e-03,4.11977711e-03,4.59323301e-03,5.23507078e-03,6.02688102e-03,6.94462734e-03,7.95946205e-03,9.03872933e-03,1.01471325e-02,1.12480378e-02,1.23048812e-02,1.32826327e-02,1.41492624e-02,1.48771388e-02,1.54442801e-02,1.58353703e-02,1.60424440e-02,1.60649420e-02,1.59128534e-02,1.55984595e-02,1.51428712e-02,1.45719979e-02,1.39150990e-02,1.32032120e-02,1.24675537e-02,1.17380502e-02,1.10420967e-02,1.04036081e-02,9.84238357e-03,9.37377020e-03,9.00858138e-03,8.75321317e-03,8.60989705e-03,8.57707098e-03,8.64906052e-03,8.81793241e-03
9.10010615e-03,9.41960006e-03,9.79413367e-03,1.02057802e-02,1.06350060e-02,1.10611011e-02,1.14627042e-02,1.18184322e-02,1.21076135e-02,1.23111059e-02,1.24121510e-02,1.23972077e-02,1.22583091e-02,1.19899125e-02,1.15933699e-02,1.10756841e-02,1.04496758e-02,9.73372781e-03,8.95120224e-03,8.12955891e-03,7.29922472e-03,6.49228027e-03,5.74104367e-03,5.07663529e-03,4.52760390e-03,4.11868457e-03,3.86974631e-03,3.79499138e-03,3.90201236e-03,4.19212594e-03,4.66000098e-03,5.29358913e-03,6.07473395e-03,6.97976398e-03,7.98030093e-03,9.04424913e-03,1.01369426e-02,1.12224224e-02,1.22648108e-02,1.32297390e-02,1.40857735e-02,1.48057763e-02,1.53681208e-02,1.57576836e-02,1.59665171e-02,1.59939350e-02,1.58493829e-02,1.55448818e-02,1.51008625e-02,1.45425808e-02,1.38986364e-02,1.31994468e-02,1.24756877e-02,1.17568498e-02,1.10700120e-02,1.04388920e-02,9.88320014e-03,9.41828263e-03,9.05501729e-03,8.79990626e-03,8.65530795e-03,8.61978863e-03,8.68784566e-03,8.85161680e-03
9.12734732e-03,9.43989744e-03,9.80675192e-03,1.02101568e-02,1.06307840e-02,1.10481673e-02,1.14412272e-02,1.17888965e-02,1.20708417e-02,1.22682658e-02,1.23647423e-02,1.23470638e-02,1.22073951e-02,1.19404360e-02,1.15475779e-02,1.10357709e-02,1.04176748e-02,9.71140811e-03,8.93997575e-03,8.13040570e-03,7.31264012e-03,6.51824574e-03,5.77902123e-03,5.12558395e-03,4.58601571e-03,4.18463762e-03,3.94097233e-03,3.86895659e-03,3.97599792e-03,4.26334917e-03,4.72570276e-03,5.35115119e-03,6.12179046e-03,7.01431053e-03,8.00079548e-03,9.04969929e-03,1.01269730e-02,1.11973162e-02,1.22255200e-02,1.31778587e-02,1.40234794e-02,1.47357241e-02,1.52933140e-02,1.56813155e-02,1.58918018e-02,1.59239616e-02,1.57867246e-02,1.54918584e-02,1.50591380e-02,1.45131858e-02,1.38819580e-02,1.31952652e-02,1.24832498e-02,1.17749701e-02,1.10971866e-02,1.04734146e-02,9.92326706e-03,9.46208020e-03,9.10078755e-03,8.84598993e-03,8.70016755e-03,8.66201262e-03,8.72619253e-03,8.88491838e-03
9.15424282e-03,9.45992111e-03,9.81917936e-03,1.02144392e-02,1.06265795e-02,1.10353768e-02,1.14200306e-02,1.17597834e-02,1.20346330e-02,1.22261187e-02,1.23181360e-02,1.22978016e-02,1.21574085e-02,1.18918888e-02,1.15026739e-02,1.09966617e-02,1.03863552e-02,9.68961393e-03,8.92909317e-03,8.13139737e-03,7.32599242e-03,6.54393922e-03,5.81652438e-03,5.17386897e-03,4.64359402e-03,4.24961263e-03,4.01110693e-03,3.94175396e-03,4.04878182e-03,4.33338450e-03,4.79028155e-03,5.40770814e-03,6.16801189e-03,7.04824017e-03,8.02093191e-03,9.05507968e-03,1.01172373e-02,1.11727460e-02,1.21870474e-02,1.31270411e-02,1.39624375e-02,1.46670460e-02,1.52199265e-02,1.56063330e-02,1.58183615e-02,1.58550793e-02,1.57249282e-02,1.54394295e-02,1.50177265e-02,1.44838287e-02,1.38650668e-02,1.31906577e-02,1.24902193e-02,1.17923808e-02,1.11235829e-02,1.05071327e-02,9.96253766e-03,9.50511494e-03,9.14584465e-03,8.89141870e-03,8.74443359e-03,8.70370488e-03,8.76406802e-03,8.91780958e-03
9.18082931e-03,9.47970185e-03,9.83143943e-03,1.02186416e-02,1.06223952e-02,1.10227186e-02,1.13990873e-02,1.17310493e-02,1.19989266e-02,1.21845876e-02,1.22722416e-02,1.22493202e-02,1.21082425e-02,1.18441639e-02,1.14585555e-02,1.09582643e-02,1.03556390e-02,9.66828537e-03,8.91851541e-03,8.13251729e-03,7.33928811e-03,6.56939017e-03,5.85360473e-03,5.22156269e-03,4.70043004e-03,4.31371726e-03,4.08027123e-03,4.01351439e-03,4.12050037e-03,4.40236841e-03,4.85386816e-03,5.46337876e-03,6.21349850e-03,7.08162840e-03,8.04075554e-03,9.06040127e-03,1.01077096e-02,1.11486490e-02,1.21492957e-02,1.30771584e-02,1.39024973e-02,1.45995768e-02,1.51477888e-02,1.55325718e-02,1.57460469e-02,1.57871632e-02,1.56638988e-02,1.53875344e-02,1.49766022e-02,1.44545171e-02,1.38479994e-02,1.31856845e-02,1.24966736e-02,1.18091696e-02,1.11492930e-02,1.05401378e-02,1.00010993e-02,9.54746761e-03,9.19026177e-03,8.93625809e-03,8.78816451e-03,8.74491756e-03,8.80151886e-03,8.95033219e-03
9.20709002e-03,9.49922811e-03,9.84352607e-03,1.02227636e-02,1.06182362e-02,1.10102034e-02,1.13784138e-02,1.17027155e-02,1.19637486e-02,1.21437026e-02,1.22270920e-02,1.22016548e-02,1.20599335e-02,1.17972976e-02,1.14152577e-02,1.09206103e-02,1.03255533e-02,9.64744350e-03,8.90825630e-03,8.13377103e-03,7.35252382e-03,6.59458600e-03,5.89024064e-03,5.26863510e-03,4.75648646e-03,4.37690839e-03,4.14841810e-03,4.08418877e-03,4.19110460e-03,4.47025421e-03,4.91642020e-03,5.51812680e-03,6.25822169e-03,7.11445553e-03,8.06025636e-03,9.06566414e-03,1.00984002e-02,1.11250450e-02,1.21122933e-02,1.30282470e-02,1.38437009e-02,1.45333634e-02,1.50769502e-02,1.54600815e-02,1.56749054e-02,1.57202572e-02,1.56036745e-02,1.53362041e-02,1.49357880e-02,1.44252645e-02,1.38307597e-02,1.31803401e-02,1.25025984e-02,1.18253151e-02,1.11742890e-02,1.05723975e-02,1.00389165e-02,9.58910140e-03,9.23400210e-03,8.98047256e-03,8.83132716e-03,8.78562069e-03,8.83851897e-03,8.98246453e-03
9.23302301e-03,9.51850012e-03,9.85544144e-03,1.02268088e-02,1.06141072e-02,1.09978361e-02,1.13580143e-02,1.16747853e-02,1.19291008e-02,1.21034637e-02,1.21826858e-02,1.21548026e-02,1.20124776e-02,1.17512859e-02,1.13727764e-02,1.08836963e-02,1.02960953e-02,9.62708643e-03,8.89831454e-03,8.13515769e-03,7.36569877e-03,6.61952582e-03,5.92643101e-03,5.31508496e-03,4.81176215e-03,4.43918540e-03,4.21554787e-03,4.15377881e-03,4.26059787e-03,4.53704693e-03,4.97794417e-03,5.57195974e-03,6.30218923e-03,7.14672866e-03,8.07943990e-03,9.07087135e-03,1.00893089e-02,1.11019304e-02,1.20760332e-02,1.29802968e-02,1.37860364e-02,1.44683927e-02,1.50073979e-02,1.53888512e-02,1.56049289e-02,1.56543573e-02,1.55442559e-02,1.52854440e-02,1.48952931e-02,1.43960829e-02,1.38133613e-02,1.31746382e-02,1.25080061e-02,1.18408268e-02,1.11985775e-02,1.06039146e-02,1.00759887e-02,9.63001256e-03,9.27705963e-03,9.02405480e-03,8.87391382e-03,8.82580709e-03,8.87506245e-03,9.01420253e-03
9.25865440e-03,9.53753952e-03,9.86720173e-03,1.02307866e-02,1.06100092e-02,1.09856079e-02,1.13378690e-02,1.16472272e-02,1.18949397e-02,1.20638162e-02,1.21389586e-02,1.21086925e-02,1.19657995e-02,1.17060529e-02,1.13310393e-02,1.08474569e-02,1.02672098e-02,9.60717139e-03,8.88866207e-03,8.13666514e-03,7.37881736e-03,6.64423054e-03,5.96221269e-03,5.36096408e-03,4.86632247e-03,4.50062540e-03,4.28174719e-03,4.22237795e-03,4.32907716e-03,4.60284337e-03,5.03853251e-03,5.62496121e-03,6.34547139e-03,7.17850045e-03,8.09833743e-03,9.07603002e-03,1.00804171e-02,1.10792607e-02,1.20404466e-02,1.29332180e-02,1.37293979e-02,1.44045489e-02,1.49390129e-02,1.53187651e-02,1.55360122e-02,1.55893755e-02,1.54855754e-02,1.52352100e-02,1.48550980e-02,1.43669763e-02,1.37958287e-02,1.31686201e-02,1.25129502e-02,1.18557663e-02,1.12222236e-02,1.06347543e-02,1.01123784e-02,9.67025942e-03,9.31948748e-03,9.06705251e-03,8.91596711e-03,8.86551470e-03,8.91118317e-03,9.04557623e-03
9.28395850e-03,9.55632794e-03,9.87879637e-03,1.02346947e-02,1.06059484e-02,1.09735338e-02,1.13180016e-02,1.16200733e-02,1.18613054e-02,1.20248071e-02,1.20959629e-02,1.20633806e-02,1.19199574e-02,1.16616568e-02,1.12901018e-02,1.08119422e-02,1.02389394e-02,9.58773140e-03,8.87932035e-03,8.13830190e-03,7.39187427e-03,6.66868068e-03,5.99755245e-03,5.40622641e-03,4.92011018e-03,4.56116206e-03,4.34694318e-03,4.28990971e-03,4.39646556e-03,4.66756940e-03,5.09811708e-03,5.67707203e-03,6.38802066e-03,7.20973729e-03,8.11693095e-03,9.08113871e-03,1.00717403e-02,1.10570678e-02,1.20055807e-02,1.28870709e-02,1.36738558e-02,1.43419096e-02,1.48718763e-02,1.52499042e-02,1.54682321e-02,1.55253809e-02,1.54276918e-02,1.51855481e-02,1.48152341e-02,1.43379608e-02,1.37781629e-02,1.31622725e-02,1.25174049e-02,1.18700971e-02,1.12451824e-02,1.06648660e-02,1.01480315e-02,9.70978656e-03,9.36123093e-03,9.10941329e-03,8.95743828e-03,8.90469946e-03,8.94684254e-03,9.07655318e-03
9.30895200e-03,9.57487955e-03,9.89023632e-03,1.02385399e-02,1.06019264e-02,1.09616089e-02,1.12984000e-02,1.15933033e-02,1.18281694e-02,1.19864004e-02,1.20536562e-02,1.20188195e-02,1.18749008e-02,1.16180464e-02,1.12499150e-02,1.07771082e-02,1.02112466e-02,9.56873751e-03,8.87027025e-03,8.14005948e-03,7.40487201e-03,6.69288977e-03,6.03247440e-03,5.45090605e-03,4.97316846e-03,4.62084651e-03,4.41119354e-03,4.35643657e-03,4.46282821e-03,4.73129032e-03,5.15676049e-03,5.72834910e-03,6.42988507e-03,7.24047535e-03,8.13524210e-03,9.08620255e-03,1.00632659e-02,1.10353213e-02,1.19713882e-02,1.28417939e-02,1.36193378e-02,1.42803953e-02,1.48059064e-02,1.51821897e-02,1.54015173e-02,1.54623145e-02,1.53705606e-02,1.51364304e-02,1.47756905e-02,1.43090415e-02,1.37603831e-02,1.31556257e-02,1.25214086e-02,1.18838622e-02,1.12674988e-02,1.06942938e-02,1.01829896e-02,9.74863202e-03,9.40232400e-03,9.15116726e-03,8.99835389e-03,8.94338490e-03,8.98206160e-03,9.10715223e-03
9.33365098e-03,9.59320769e-03,9.90153158e-03,1.02423280e-02,1.05979439e-02,1.09498279e-02,1.12790519e-02,1.15668977e-02,1.17955046e-02,1.19485618e-02,1.20119982e-02,1.19749647e-02,1.18305824e-02,1.15751745e-02,1.12104336e-02,1.07429134e-02,1.01840964e-02,9.55016260e-03,8.86149385e-03,8.14192996e-03,7.41781310e-03,6.71687073e-03,6.06700159e-03,5.49503553e-03,5.02553842e-03,4.67972734e-03,4.47455285e-03,4.42201742e-03,4.52822623e-03,4.79406712e-03,5.21452095e-03,5.77884503e-03,6.47110879e-03,7.27074762e-03,8.15329040e-03,9.09122583e-03,1.00549819e-02,1.10139931e-02,1.19378259e-02,1.27973304e-02,1.35657770e-02,1.42199332e-02,1.47410283e-02,1.51155488e-02,1.53358018e-02,1.54001207e-02,1.53141391e-02,1.50878291e-02,1.47364550e-02,1.42802210e-02,1.37425050e-02,1.31487063e-02,1.25249955e-02,1.18971008e-02,1.12892141e-02,1.07230790e-02,1.02172923e-02,9.78683250e-03,9.44279999e-03,9.19234416e-03,9.03874039e-03,8.98159450e-03,9.01686125e-03,9.13739188e-03
9.35802133e-03,9.61128771e-03,9.91266768e-03,1.02460554e-02,1.05940084e-02,1.09382099e-02,1.12599881e-02,1.15408988e-02,1.17633641e-02,1.19113538e-02,1.19710588e-02,1.19318912e-02,1.17870801e-02,1.15331182e-02,1.11717310e-02,1.07094247e-02,1.01575453e-02,9.53205026e-03,8.85301934e-03,8.14392435e-03,7.43069024e-03,6.74059767e-03,6.10109000e-03,5.53855403e-03,5.07714452e-03,4.73771697e-03,4.53692488e-03,4.48655112e-03,4.59255768e-03,4.85580127e-03,5.27130760e-03,5.82848063e-03,6.51162796e-03,7.30050867e-03,8.17105117e-03,9.09620608e-03,1.00469087e-02,1.09931255e-02,1.19049566e-02,1.27537611e-02,1.35132680e-02,1.41606272e-02,1.46773507e-02,1.50500899e-02,1.52711881e-02,1.53388918e-02,1.52585055e-02,1.50398049e-02,1.46975684e-02,1.42515199e-02,1.37245289e-02,1.31414956e-02,1.25281305e-02,1.19097639e-02,1.13102687e-02,1.07511545e-02,1.02508683e-02,9.82431523e-03,9.48258715e-03,9.23287536e-03,9.07853390e-03,9.01927044e-03,9.05119072e-03,9.16722927e-03
9.38209745e-03,9.62914668e-03,9.92366325e-03,1.02497308e-02,1.05901178e-02,1.09267402e-02,1.12411804e-02,1.15152639e-02,1.17316914e-02,1.18747071e-02,1.19307579e-02,1.18895112e-02,1.17443013e-02,1.14917847e-02,1.11337185e-02,1.06765613e-02,1.01315249e-02,9.51434748e-03,8.84481181e-03,8.14602770e-03,7.44350941e-03,6.76409767e-03,6.13478722e-03,5.58152831e-03,5.12807070e-03,4.79491394e-03,4.59841952e-03,4.55015514e-03,4.65594323e-03,4.91661184e-03,5.32723275e-03,5.87735618e-03,6.55152563e-03,7.32981959e-03,8.18855958e-03,9.10114971e-03,1.00390224e-02,1.09726648e-02,1.18726984e-02,1.27109799e-02,1.34616862e-02,1.41023406e-02,1.46147321e-02,1.49856747e-02,1.52075490e-02,1.52785187e-02,1.52035732e-02,1.49922977e-02,1.46589989e-02,1.42229334e-02,1.37064754e-02,1.31340358e-02,1.25308724e-02,1.19219224e-02,1.13307408e-02,1.07786013e-02,1.02837978e-02,9.86115733e-03,9.52175766e-03,9.27282713e-03,9.11779440e-03,9.05646634e-03,9.08509743e-03,9.19670547e-03
9.40588146e-03,9.64678704e-03,9.93452088e-03,1.02533568e-02,1.05862737e-02,1.09154195e-02,1.12226278e-02,1.14899906e-02,1.17004817e-02,1.18386148e-02,1.18910870e-02,1.18478145e-02,1.17022349e-02,1.14511625e-02,1.10963849e-02,1.06443131e-02,1.01060265e-02,9.49704737e-03,8.83686651e-03,8.14823749e-03,7.45627040e-03,6.78737276e-03,6.16809747e-03,5.62396469e-03,5.17832529e-03,4.85132846e-03,4.65904870e-03,4.61284285e-03,4.71839735e-03,4.97651386e-03,5.38231129e-03,5.92548564e-03,6.59081397e-03,7.35868985e-03,8.20582158e-03,9.10605846e-03,1.00313201e-02,1.09526032e-02,1.18410393e-02,1.26689709e-02,1.34110125e-02,1.40450528e-02,1.45531518e-02,1.49222837e-02,1.51448676e-02,1.52189883e-02,1.51493338e-02,1.49453039e-02,1.46207475e-02,1.41944673e-02,1.36883534e-02,1.31263382e-02,1.25332339e-02,1.19335892e-02,1.13506421e-02,1.08054298e-02,1.03160895e-02,9.89736528e-03,9.56031617e-03,9.31220268e-03,9.15652411e-03,9.09318388e-03,9.11858293e-03,9.22582221e-03
9.42934458e-03,9.66418827e-03,9.94522887e-03,1.02569308e-02,1.05824833e-02,1.09042645e-02,1.12043567e-02,1.14651142e-02,1.16697790e-02,1.18031283e-02,1.18521029e-02,1.18068621e-02,1.16609437e-02,1.14113141e-02,1.10597895e-02,1.06127335e-02,1.00810952e-02,9.48018460e-03,8.82920562e-03,8.15056198e-03,7.46896664e-03,6.81040132e-03,6.20098446e-03,5.66581331e-03,5.22784660e-03,4.90688929e-03,4.71873439e-03,4.67453254e-03,4.77983798e-03,5.03542834e-03,5.43647071e-03,5.97280611e-03,6.62944249e-03,7.38708374e-03,8.22281794e-03,9.11093065e-03,1.00238180e-02,1.09329744e-02,1.18100285e-02,1.26277972e-02,1.33613213e-02,1.39888457e-02,1.44926957e-02,1.48600027e-02,1.50832259e-02,1.51603751e-02,1.50958509e-02,1.48988741e-02,1.45828500e-02,1.41661411e-02,1.36701668e-02,1.31183912e-02,1.25351897e-02,1.19447269e-02,1.13699261e-02,1.08315865e-02,1.03476852e-02,9.93287915e-03,9.59820294e-03,9.35094430e-03,9.19466894e-03,9.12937392e-03,9.15160407e-03,9.25454311e-03
9.45252476e-03,9.68137948e-03,9.95580641e-03,1.02604609e-02,1.05787422e-02,1.08932572e-02,1.11863346e-02,1.14405875e-02,1.16395217e-02,1.17681729e-02,1.18137203e-02,1.17665606e-02,1.16203299e-02,1.13721412e-02,1.10238383e-02,1.05817374e-02,1.00566587e-02,9.46370313e-03,8.82179235e-03,8.15298565e-03,7.48160504e-03,6.83321294e-03,6.23349985e-03,5.70714646e-03,5.27672527e-03,4.96170250e-03,4.77759444e-03,4.73534963e-03,4.84039330e-03,5.09348106e-03,5.48982891e-03,6.01942217e-03,6.66749723e-03,7.41506398e-03,8.23958422e-03,9.11577196e-03,1.00164906e-02,1.09137219e-02,1.17795814e-02,1.25873492e-02,1.33124836e-02,1.39335778e-02,1.44332170e-02,1.47986879e-02,1.50224905e-02,1.51025634e-02,1.50430314e-02,1.48529416e-02,1.45452679e-02,1.41379447e-02,1.36519316e-02,1.31102343e-02,1.25367978e-02,1.19554077e-02,1.13886739e-02,1.08571571e-02,1.03786717e-02,9.96778341e-03,9.63549809e-03,9.38912638e-03,9.23229675e-03,9.16509729e-03,9.18421444e-03,9.28291419e-03
9.47541091e-03,9.69835315e-03,9.96624972e-03,1.02639472e-02,1.05750540e-02,1.08824049e-02,1.11685720e-02,1.14164239e-02,1.16097258e-02,1.17337666e-02,1.17759586e-02,1.17269306e-02,1.15804142e-02,1.13336642e-02,1.09885506e-02,1.05513420e-02,1.00327313e-02,9.44761388e-03,8.81463343e-03,8.15551053e-03,7.49418263e-03,6.85579952e-03,6.26563059e-03,5.74794653e-03,5.32493982e-03,5.01574358e-03,4.83560237e-03,4.79526678e-03,4.90003634e-03,5.15064652e-03,5.54236297e-03,6.06531438e-03,6.70496294e-03,7.44262012e-03,8.25611511e-03,9.12058236e-03,1.00093430e-02,1.08948560e-02,1.17497125e-02,1.25476456e-02,1.32645212e-02,1.38792732e-02,1.43747415e-02,1.47383656e-02,1.49626873e-02,1.50455778e-02,1.49908977e-02,1.48075257e-02,1.45080166e-02,1.41098890e-02,1.36336538e-02,1.31018680e-02,1.25380539e-02,1.19656223e-02,1.14068720e-02,1.08821246e-02,1.04090293e-02,1.00020565e-02,9.67217923e-03,9.42672663e-03,9.26938620e-03,9.20033438e-03,9.21639683e-03,9.31092104e-03
9.49799242e-03,9.71510222e-03,9.97655542e-03,1.02673898e-02,1.05714225e-02,1.08717145e-02,1.11510791e-02,1.13926363e-02,1.15804063e-02,1.16999262e-02,1.17388358e-02,1.16879905e-02,1.15412152e-02,1.12959013e-02,1.09539433e-02,1.05215623e-02,1.00093257e-02,9.43192624e-03,8.80773450e-03,8.15813808e-03,7.50669634e-03,6.87815344e-03,6.29736461e-03,5.78819741e-03,5.37247071e-03,5.06899040e-03,4.89273441e-03,4.85425966e-03,4.95874326e-03,5.20690240e-03,5.59405299e-03,6.11046604e-03,6.74182675e-03,7.46974349e-03,8.27240634e-03,9.12536199e-03,1.00023798e-02,1.08763851e-02,1.17204340e-02,1.25087018e-02,1.32174522e-02,1.38259522e-02,1.43172909e-02,1.46790584e-02,1.49038390e-02,1.49894402e-02,1.49394701e-02,1.47626445e-02,1.44711112e-02,1.40819854e-02,1.36153407e-02,1.30932951e-02,1.25389559e-02,1.19753641e-02,1.14245095e-02,1.09064743e-02,1.04387400e-02,1.00356785e-02,9.70822533e-03,9.46372384e-03,9.30591681e-03,9.23506629e-03,9.24813461e-03,9.33854976e-03
9.52029756e-03,9.73164817e-03,9.98673740e-03,1.02707942e-02,1.05678441e-02,1.08611723e-02,1.11338312e-02,1.13691892e-02,1.15515174e-02,1.16665964e-02,1.17022885e-02,1.16496716e-02,1.15026610e-02,1.12587802e-02,1.09199474e-02,1.04923357e-02,9.98638854e-03,9.41659893e-03,8.80106845e-03,8.16085689e-03,7.51915139e-03,6.90029670e-03,6.32874028e-03,5.82795274e-03,5.41938518e-03,5.12152154e-03,4.94907777e-03,4.91242091e-03,5.01660854e-03,5.26234120e-03,5.64498548e-03,6.15495367e-03,6.77815139e-03,7.49647963e-03,8.28848354e-03,9.13011468e-03,9.99558208e-03,1.08582681e-02,1.16916839e-02,1.24704377e-02,1.31711826e-02,1.37735116e-02,1.42607582e-02,1.46206610e-02,1.48458478e-02,1.49340654e-02,1.48886796e-02,1.47182481e-02,1.44345224e-02,1.40542250e-02,1.35970027e-02,1.30845431e-02,1.25395454e-02,1.19846853e-02,1.14416457e-02,1.09302693e-02,1.04678683e-02,1.00687125e-02,9.74369647e-03,9.50017397e-03,9.34193975e-03,9.26933892e-03,9.27946818e-03,9.36583486e-03
9.54230703e-03,9.74797739e-03,9.99678814e-03,1.02741593e-02,1.05643236e-02,1.08507897e-02,1.11168460e-02,1.13461061e-02,1.15230875e-02,1.16338101e-02,1.16663533e-02,1.16120122e-02,1.14647908e-02,1.12223399e-02,1.08865995e-02,1.04636952e-02,9.96394750e-03,9.40165297e-03,8.79464845e-03,8.16367137e-03,7.53154289e-03,6.92221500e-03,6.35973418e-03,5.86718069e-03,5.46564412e-03,5.17329211e-03,5.00458351e-03,4.96969954e-03,5.07358126e-03,5.31691416e-03,5.69511589e-03,6.19873885e-03,6.81390617e-03,7.52280696e-03,8.30433516e-03,9.13483947e-03,9.98895956e-03,1.08405249e-02,1.16634919e-02,1.24328912e-02,1.31257568e-02,1.37220006e-02,1.42051952e-02,1.45632258e-02,1.47887642e-02,1.48795000e-02,1.48385668e-02,1.46743698e-02,1.43982747e-02,1.40266231e-02,1.35786454e-02,1.30756080e-02,1.25398094e-02,1.19935650e-02,1.14582532e-02,1.09534771e-02,1.04963778e-02,1.01011202e-02,9.77855376e-03,9.53603896e-03,9.37741893e-03,9.30311925e-03,9.31036848e-03,9.39275175e-03
9.56402752e-03,9.76409541e-03,1.00067117e-02,1.02774872e-02,1.05608613e-02,1.08405641e-02,1.11001179e-02,1.13233780e-02,1.14951046e-02,1.16015520e-02,1.16310118e-02,1.15749923e-02,1.14275832e-02,1.11865584e-02,1.08538785e-02,1.04356213e-02,9.94198595e-03,9.38707523e-03,8.78846555e-03,8.16657723e-03,7.54387145e-03,6.94391392e-03,6.39035674e-03,5.90589629e-03,5.51126673e-03,5.22432490e-03,5.05927732e-03,5.02612324e-03,5.12969009e-03,5.37064978e-03,5.74447130e-03,6.24184588e-03,6.84911136e-03,7.54874043e-03,8.31996982e-03,9.13953788e-03,9.98250626e-03,1.08231422e-02,1.16358373e-02,1.23960359e-02,1.30811440e-02,1.36713852e-02,1.41505673e-02,1.45067191e-02,1.47325576e-02,1.48257183e-02,1.47891123e-02,1.46309972e-02,1.43623629e-02,1.39991814e-02,1.35602765e-02,1.30665028e-02,1.25397648e-02,1.20020223e-02,1.14743520e-02,1.09761175e-02,1.05242875e-02,1.01329189e-02,9.81281274e-03,9.57133245e-03,9.41236629e-03,9.33641770e-03,9.34084462e-03,9.41930821e-03
9.58547809e-03,9.78001661e-03,1.00165174e-02,1.02807816e-02,1.05574544e-02,1.08304859e-02,1.10836301e-02,1.13009809e-02,1.14675377e-02,1.15697848e-02,1.15962216e-02,1.15385654e-02,1.13909897e-02,1.11513872e-02,1.08217380e-02,1.04080718e-02,9.92046785e-03,9.37283778e-03,8.78250136e-03,8.16956668e-03,7.55614052e-03,6.96540831e-03,6.42063391e-03,5.94413586e-03,5.55629854e-03,5.27467311e-03,5.11321821e-03,5.08175467e-03,5.18499888e-03,5.42361049e-03,5.79311002e-03,6.28432628e-03,6.88380908e-03,7.57431058e-03,8.33540462e-03,9.14421232e-03,9.97620935e-03,1.08060921e-02,1.16086786e-02,1.23598180e-02,1.30372808e-02,1.36215962e-02,1.40968023e-02,1.44510702e-02,1.46771623e-02,1.47726630e-02,1.47402693e-02,1.45880962e-02,1.43267668e-02,1.39718935e-02,1.35419030e-02,1.30572458e-02,1.25394393e-02,1.20100924e-02,1.14899821e-02,1.09982335e-02,1.05516410e-02,1.01641514e-02,9.84651426e-03,9.60609254e-03,9.44681664e-03,9.36926545e-03,9.37092407e-03,9.44552755e-03
9.60663166e-03,9.79572171e-03,1.00261942e-02,1.02840401e-02,1.05541095e-02,1.08205707e-02,1.10674070e-02,1.12789476e-02,1.14404268e-02,1.15385550e-02,1.15620341e-02,1.15027864e-02,1.13550664e-02,1.11168816e-02,1.07902301e-02,1.03810936e-02,9.89943263e-03,9.35897052e-03,8.77677464e-03,8.17264608e-03,7.56834330e-03,6.98667807e-03,6.45053271e-03,5.98185453e-03,5.60068436e-03,5.32427332e-03,5.16633694e-03,5.13652153e-03,5.23943522e-03,5.47572677e-03,5.84096833e-03,6.32612483e-03,6.91795509e-03,7.59948606e-03,8.35062260e-03,9.14886107e-03,9.97008258e-03,1.07894034e-02,1.15820582e-02,1.23242921e-02,1.29942315e-02,1.35727046e-02,1.40439751e-02,1.43963543e-02,1.46226505e-02,1.47204002e-02,1.46920954e-02,1.45457134e-02,1.42915203e-02,1.39447797e-02,1.35235310e-02,1.30478298e-02,1.25388134e-02,1.20177448e-02,1.15051042e-02,1.10197785e-02,1.05783871e-02,1.01947641e-02,9.87960409e-03,9.64026627e-03,9.48071999e-03,9.40161814e-03,9.40056346e-03,9.47137679e-03
9.62751272e-03,9.81122825e-03,1.00357530e-02,1.02872666e-02,1.05508227e-02,1.08108065e-02,1.10514279e-02,1.12572487e-02,1.14137347e-02,1.15078178e-02,1.15283984e-02,1.14675997e-02,1.13197554e-02,1.10829838e-02,1.07592997e-02,1.03546366e-02,9.87883762e-03,9.34544042e-03,8.77126370e-03,8.17580639e-03,7.58048421e-03,7.00774121e-03,6.48008442e-03,6.01909595e-03,5.64447882e-03,5.37318924e-03,5.21870403e-03,5.19049850e-03,5.29307505e-03,5.52707265e-03,5.88811516e-03,6.36730225e-03,6.95159889e-03,7.62430260e-03,8.36564363e-03,9.15348674e-03,9.96411073e-03,1.07730432e-02,1.15559272e-02,1.22893951e-02,1.29519220e-02,1.35246290e-02,1.39920012e-02,1.43424881e-02,1.45689444e-02,1.46688615e-02,1.46445343e-02,1.45038076e-02,1.42565980e-02,1.39178306e-02,1.35051667e-02,1.30382748e-02,1.25379187e-02,1.20250201e-02,1.15197651e-02,1.10408033e-02,1.06045781e-02,1.02248086e-02,9.91213197e-03,9.67390048e-03,9.51412029e-03,9.43351789e-03,9.42978599e-03,9.49688879e-03
9.64813195e-03,9.82654434e-03,1.00451990e-02,1.02904631e-02,1.05475927e-02,1.08011881e-02,1.10356838e-02,1.12358713e-02,1.13874441e-02,1.14775526e-02,1.14952906e-02,1.14329796e-02,1.12850296e-02,1.10496664e-02,1.07289204e-02,1.03286768e-02,9.85866233e-03,9.33223148e-03,8.76595791e-03,8.17904295e-03,7.59256489e-03,7.02860583e-03,6.50930340e-03,6.05588037e-03,5.68770741e-03,5.42145073e-03,5.27035268e-03,5.24372091e-03,5.34595438e-03,5.57768342e-03,5.93458352e-03,6.40788771e-03,6.98476437e-03,7.64877749e-03,8.38047735e-03,9.15809063e-03,9.95828640e-03,1.07569957e-02,1.15302617e-02,1.22550963e-02,1.29103163e-02,1.34773298e-02,1.39408397e-02,1.42894314e-02,1.45160068e-02,1.46180146e-02,1.45975600e-02,1.44623600e-02,1.42219892e-02,1.38910437e-02,1.34868149e-02,1.30285921e-02,1.25367717e-02,1.20319389e-02,1.15339880e-02,1.10613324e-02,1.06302386e-02,1.02543090e-02,9.94412061e-03,9.70701638e-03,9.54703674e-03,9.46497755e-03,9.45861224e-03,9.52207284e-03
